City_Name,Airport_ID,City_Market_ID
Alamosa,10272,30272
Albany,10257,30257
Albuquerque,10140,30140
Alliance,10221,30221
Amarillo,10279,30279
Anchorage,10299,30299
Aspen,10372,30372
Atlanta,10397,30397
Austin,10423,30423
Bakersfield,10561,30561
Baltimore,10821,30852
Bend/Redmond,14489,34489
Billings,10620,30620
Birmingham,10599,30599
Bismarck/Mandan,10627,30627
Boise,10713,30713
Boston,10721,30721
Bozeman,10849,30849
Branson,10643,30643
Brownsville,10747,30747
Bullhead City,10590,30590
Burbank,10800,32575
Casper,11122,31122
Cedar Rapids/Iowa City,11003,31003
Chadron,10925,30925
Charleston,10994,30994
Charlotte,11057,31057
Cheyenne,11233,31233
Chicago,11376,30977
Chicago,13930,30977
Chicago,13232,30977
Cincinnati,11193,33105
Cleveland,11042,30647
Cody,11097,31097
Colorado Springs,11109,30189
Columbus,11066,31066
CONCORD,12544,32544
Cortez,10950,30950
Dallas,11259,30194
Dallas/Fort Worth,11298,30194
Dallas/Fort Worth,10194,30194
Dayton,11267,31267
Denver,11292,30325
Denver,10325,30325
Des Moines,11423,31423
Detroit,11433,31295
Devils Lake,11447,31447
Dickinson,11315,31315
Dodge City,11283,31283
Durango,11413,30285
Eagle,11503,31503
El Paso,11540,30615
Eugene,11603,31603
Fargo,11637,31637
Farmington,11711,31711
Fayetteville,15919,31834
Fort Collins/Loveland,11719,31719
Fort Lauderdale,11697,32467
Fort Myers,14635,31714
Fresno,11638,31638
Gadsden,11840,31840
Gillette,11865,31865
Grand Junction,11921,31921
Grand Rapids,11986,31986
Great Falls,12003,31895
Greensboro/High Point,11995,31995
Gunnison,12012,32012
Hartford,10529,30529
Hayden,12094,34699
Hays,12255,32255
Helena,12156,32156
Honolulu,12173,32134
Houston,12266,31453
Houston,12191,31453
Huntsville,12217,30255
Idaho Falls,12280,32280
Indianapolis,12339,32337
Jackson,12441,32441
Jacksonville,12451,31136
Jamestown,12519,32519
Kahului,13830,33830
Kalispell,11648,31648
Kansas City,13341,33198
Kansas City,13198,33198
Kearney,11468,31468
Knoxville,15412,35412
Kona,12758,32758
Laramie,12888,32888
Las Vegas,12889,32211
Liberal,12902,32902
Lihue,12982,32982
Lincoln,13029,33029
Little Rock,12992,32600
Long Beach,12954,32575
Los Angeles,12892,32575
Louisville,14730,33044
Lubbock,12896,32896
Madison,13485,33485
McCook,13200,33200
Medford,13264,33264
Memphis,13244,33244
Miami,13303,32467
Midland/Odessa,13158,33158
Milwaukee,13342,33342
Minneapolis,13487,31650
Minot,13433,33304
Missoula,13486,33486
Moab,11092,31092
Moline,13367,33367
Montrose/Delta,13502,33502
Nashville,10693,30693
New Orleans,13495,33495
New York,12478,31703
New York,12953,31703
Newark,11618,31703
Norfolk,13931,33667
North Bend/Coos Bay,13964,33964
North Platte,12899,32899
Oakland,13796,32457
Oklahoma City,13851,33851
Omaha,13871,33316
Ontario,13891,32575
Orlando,13204,31454
Palm Springs,14262,34262
Pasco/Kennewick/Richland,14252,34252
Pensacola,14193,33728
Philadelphia,14100,34100
Phoenix,10466,30466
Phoenix,14107,30466
Pierre,14120,34120
Pittsburgh,14122,30198
Portland,14057,34057
Pueblo,14288,34288
Raleigh/Durham,14492,34492
Rapid City,14457,34457
Reno,14570,34570
Richmond,14524,34524
Riverton/Lander,14534,34534
Rochester,14576,34576
Rock Springs,14543,34543
Rockford,14512,34512
Sacramento,14893,33192
Salina,14877,34877
Salt Lake City,14869,34614
San Antonio,14683,33214
San Diego,14679,33570
San Francisco,14771,32457
San Jose,14831,32457
San Luis Obispo,14698,34236
Santa Ana,14908,32575
Santa Barbara,14689,34689
Santa Fe,14674,34674
Scottsbluff,10558,30558
Seattle,14747,30559
Shreveport,14814,30476
Sioux Falls,11775,31775
Spokane,11884,31884
Springfield,14783,34783
St. George,14794,34794
St. Louis,15016,31123
Sugar Land,14792,34792
Tampa,15304,33195
Telluride,15177,35177
Tucson,15376,30436
Tulsa,15370,34653
Vernal,15582,35582
Washington,11278,30852
Washington,12264,30852
Wendover,11563,31563
Wichita,12278,30928
Williston,12389,32389
