State_Name,State_ABR,State_Fips,State_WAC,City_Name
Alabama,AL,1,51,Gadsden
Alabama,AL,1,51,Birmingham
Alabama,AL,1,51,Huntsville
Alaska,AK,2,1,Anchorage
Arizona,AZ,4,81,Phoenix
Arizona,AZ,4,81,Bullhead City
Arizona,AZ,4,81,Tucson
Arkansas,AR,5,71,Little Rock
Arkansas,AR,5,71,Fayetteville
California,CA,6,91,Long Beach
California,CA,6,91,San Francisco
California,CA,6,91,Burbank
California,CA,6,91,Oakland
California,CA,6,91,San Jose
California,CA,6,91,Los Angeles
California,CA,6,91,San Diego
California,CA,6,91,Sacramento
California,CA,6,91,Santa Ana
California,CA,6,91,Palm Springs
California,CA,6,91,Santa Barbara
California,CA,6,91,Fresno
California,CA,6,91,Ontario
California,CA,6,91,Bakersfield
California,CA,6,91,San Luis Obispo
Colorado,CO,8,82,Denver
Colorado,CO,8,82,Eagle
Colorado,CO,8,82,Colorado Springs
Colorado,CO,8,82,Aspen
Colorado,CO,8,82,Grand Junction
Colorado,CO,8,82,Fort Collins/Loveland
Colorado,CO,8,82,Montrose/Delta
Colorado,CO,8,82,Pueblo
Colorado,CO,8,82,Durango
Colorado,CO,8,82,Gunnison
Colorado,CO,8,82,Hayden
Colorado,CO,8,82,Telluride
Colorado,CO,8,82,Cortez
Colorado,CO,8,82,Alamosa
Connecticut,CT,9,11,Hartford
Florida,FL,12,33,Orlando
Florida,FL,12,33,Fort Myers
Florida,FL,12,33,Tampa
Florida,FL,12,33,Fort Lauderdale
Florida,FL,12,33,Jacksonville
Florida,FL,12,33,Pensacola
Florida,FL,12,33,Miami
Georgia,GA,13,34,Atlanta
Hawaii,HI,15,2,Lihue
Hawaii,HI,15,2,Kona
Hawaii,HI,15,2,Kahului
Hawaii,HI,15,2,Honolulu
Idaho,ID,16,83,Boise
Idaho,ID,16,83,Idaho Falls
Illinois,IL,17,41,Chicago
Illinois,IL,17,41,Moline
Illinois,IL,17,41,Rockford
Indiana,IN,18,42,Indianapolis
Iowa,IA,19,61,Des Moines
Iowa,IA,19,61,Cedar Rapids/Iowa City
Kansas,KS,20,62,Dodge City
Kansas,KS,20,62,Liberal
Kansas,KS,20,62,Wichita
Kansas,KS,20,62,Salina
Kansas,KS,20,62,Hays
Kentucky,KY,21,52,Cincinnati
Kentucky,KY,21,52,Louisville
Louisiana,LA,22,72,New Orleans
Louisiana,LA,22,72,Shreveport
Maryland,MD,24,35,Baltimore
Massachusetts,MA,25,13,Boston
Michigan,MI,26,43,Detroit
Michigan,MI,26,43,Grand Rapids
Minnesota,MN,27,63,Minneapolis
Missouri,MO,29,64,St. Louis
Missouri,MO,29,64,Kansas City
Missouri,MO,29,64,Springfield
Missouri,MO,29,64,Branson
Montana,MT,30,84,Missoula
Montana,MT,30,84,Bozeman
Montana,MT,30,84,Great Falls
Montana,MT,30,84,Billings
Montana,MT,30,84,Kalispell
Montana,MT,30,84,Helena
Nebraska,NE,31,65,Scottsbluff
Nebraska,NE,31,65,Kearney
Nebraska,NE,31,65,North Platte
Nebraska,NE,31,65,Omaha
Nebraska,NE,31,65,Lincoln
Nebraska,NE,31,65,Alliance
Nebraska,NE,31,65,Chadron
Nebraska,NE,31,65,McCook
Nevada,NV,32,85,Las Vegas
Nevada,NV,32,85,Reno
New Jersey,NJ,34,21,Newark
New Mexico,NM,35,86,Albuquerque
New Mexico,NM,35,86,Farmington
New Mexico,NM,35,86,Santa Fe
New York,NY,36,22,Rochester
New York,NY,36,22,Albany
New York,NY,36,22,New York
North Carolina,NC,37,36,CONCORD
North Carolina,NC,37,36,Raleigh/Durham
North Carolina,NC,37,36,Charlotte
North Carolina,NC,37,36,Greensboro/High Point
North Dakota,ND,38,66,Dickinson
North Dakota,ND,38,66,Williston
North Dakota,ND,38,66,Minot
North Dakota,ND,38,66,Devils Lake
North Dakota,ND,38,66,Bismarck/Mandan
North Dakota,ND,38,66,Jamestown
North Dakota,ND,38,66,Fargo
Ohio,OH,39,44,Columbus
Ohio,OH,39,44,Cleveland
Ohio,OH,39,44,Dayton
Oklahoma,OK,40,73,Oklahoma City
Oklahoma,OK,40,73,Tulsa
Oregon,OR,41,92,Medford
Oregon,OR,41,92,Portland
Oregon,OR,41,92,Eugene
Oregon,OR,41,92,North Bend/Coos Bay
Oregon,OR,41,92,Bend/Redmond
Pennsylvania,PA,42,23,Philadelphia
Pennsylvania,PA,42,23,Pittsburgh
South Carolina,SC,45,37,Charleston
South Dakota,SD,46,67,Rapid City
South Dakota,SD,46,67,Sioux Falls
South Dakota,SD,46,67,Pierre
Tennessee,TN,47,54,Knoxville
Tennessee,TN,47,54,Memphis
Tennessee,TN,47,54,Nashville
Texas,TX,48,74,Dallas
Texas,TX,48,74,Austin
Texas,TX,48,74,Sugar Land
Texas,TX,48,74,Brownsville
Texas,TX,48,74,Dallas/Fort Worth
Texas,TX,48,74,Houston
Texas,TX,48,74,San Antonio
Texas,TX,48,74,Amarillo
Texas,TX,48,74,Lubbock
Texas,TX,48,74,El Paso
Texas,TX,48,74,Midland/Odessa
Utah,UT,49,87,Salt Lake City
Utah,UT,49,87,Wendover
Utah,UT,49,87,St. George
Utah,UT,49,87,Vernal
Utah,UT,49,87,Moab
Virginia,VA,51,38,Washington
Virginia,VA,51,38,Richmond
Virginia,VA,51,38,Norfolk
Washington,WA,53,93,Seattle
Washington,WA,53,93,Pasco/Kennewick/Richland
Washington,WA,53,93,Spokane
Wisconsin,WI,55,45,Madison
Wisconsin,WI,55,45,Milwaukee
Wyoming,WY,56,88,Casper
Wyoming,WY,56,88,Cheyenne
Wyoming,WY,56,88,Cody
Wyoming,WY,56,88,Jackson
Wyoming,WY,56,88,Laramie
Wyoming,WY,56,88,Riverton/Lander
Wyoming,WY,56,88,Gillette
Wyoming,WY,56,88,Rock Springs
