Unique_Carrier_Entity,Airline_ID,Unique_Carrier_Name,Unique_Carrier
6910,19917,United Parcel Service,5X
6299,20263,Empire Airlines Inc.,EM
6081,20354,Aerodynamics Inc. d/b/a SkyValue d/b/a SkyValue Airways,AJQ
6055,20201,Ameristar Air Cargo,AMQ
6035,20368,Allegiant Air,G4
1260,19790,Delta Air Lines Inc.,DL
6690,20402,Miami Air International,GL
0A875,19977,United Air Lines Inc.,UA
10877,19977,United Air Lines Inc.,UA
1194,21652,"Jet Aviation Flight Services, Inc.",27Q
6200,20107,Federal Express Corporation,FX
16736,20377,Omni Air International LLC,X9
1130,21161,"Swift Air, LLC",09Q
6841,20190,Southern Air Inc.,9S
6725,19393,Southwest Airlines Co.,WN
1126,21080,Tradewind Aviation,04Q
1150,21352,Avjet Corporation,0WQ
0A050,19805,American Airlines Inc.,AA
6830,20416,Spirit Air Lines,NK
6932,20358,Great Lakes Airlines,ZK
1189,21635,CFM Inc d/b/a Contour Airlines,LF
6700,20304,SkyWest Airlines Inc.,OO
6003,20452,Republic Airlines,YX
6975,20225,Peninsula Airways Inc.,KS
6904,20237,Trans States Airlines,AX
6820,20398,Envoy Air,MQ
6795,20422,Sun Country Airlines d/b/a MN Airlines,SY
6085,20366,ExpressJet Airlines Inc.,EV
7041,20500,GoJet Airlines LLC d/b/a United Express,G7
1177,21599,Boutique Air,4B
1131,21167,Compass Airlines,CP
7024,20363,Endeavor Air Inc.,9E
6460,20436,Frontier Airlines Inc.,F9
1158,21477,Via Airlines d/b/a Charter Air Transport,1AQ
6580,19687,Horizon Air,QX
6689,20378,Mesa Airlines Inc.,YV
6673,20409,JetBlue Airways,B6
1006,21171,Virgin America,VX
6031,19930,Alaska Airlines Inc.,AS
