City_Name,City_Market_ID,State_ABR
Billings,30620,MT
Denver,30325,CO
Ontario,32575,CA
Rockford,34512,IL
Louisville,33044,KY
Salt Lake City,34614,UT
Albuquerque,30140,NM
Durango,30285,CO
Farmington,31711,NM
Eagle,31503,CO
CONCORD,32544,NC
Atlanta,30397,GA
Las Vegas,32211,NV
Oklahoma City,33851,OK
Hartford,30529,CT
Colorado Springs,30189,CO
Scottsbluff,30558,NE
Mission/McAllen/Edinburg,33256,TX
Columbus,31066,OH
Dallas/Fort Worth,30194,TX
Casper,31122,WY
Fresno,31638,CA
Grand Junction,31921,CO
Hayden,34699,CO
Indianapolis,32337,IN
Kansas City,33198,MO
Memphis,33244,TN
Oakland,32457,CA
Rochester,34576,NY
Cincinnati,33105,KY
Birmingham,30599,AL
Cheyenne,31233,WY
Austin,30423,TX
Des Moines,31423,IA
Aspen,30372,CO
Burbank,32575,CA
Providence,30721,RI
Sugar Land,34792,TX
Islip,31703,NY
Panama City,31481,FL
Harlingen/San Benito,32206,TX
Telluride,35177,CO
Reno,34570,NV
Tampa,33195,FL
Brownsville,30747,TX
Los Angeles,32575,CA
Little Rock,32600,AR
Tulsa,34653,OK
West Palm Beach/Palm Beach,34027,FL
Phoenix,30466,AZ
Page,34081,AZ
Jackson,32441,WY
Dickinson,31315,ND
Cody,31097,WY
Buffalo,30792,NY
Prescott,34237,AZ
St. Louis,31123,MO
Grand Rapids,31986,MI
Montrose/Delta,33502,CO
Bullhead City,30590,AZ
Houston,31453,TX
Wichita,30928,KS
Orlando,31454,FL
Portland,34057,OR
Philadelphia,34100,PA
San Francisco,32457,CA
Boston,30721,MA
Santa Ana,32575,CA
Lubbock,32896,TX
San Diego,33570,CA
Shreveport,30476,LA
Alamosa,30272,CO
Chicago,30977,IL
Fort Collins/Loveland,31719,CO
Pueblo,34288,CO
Williston,32389,ND
Fayetteville,31834,AR
Liberal,32902,KS
Wendover,31563,UT
Dodge City,31283,KS
Tucson,30436,AZ
San Jose,32457,CA
Amarillo,30279,TX
Manchester,30721,NH
Alliance,30221,NE
Moline,33367,IL
Bozeman,30849,MT
Spokane,31884,WA
San Antonio,33214,TX
Cortez,30950,CO
New Orleans,33495,LA
Minneapolis,31650,MN
Cleveland,30647,OH
Omaha,33316,NE
San Juan,34819,PR
Charlotte,31057,NC
North Bend/Coos Bay,33964,OR
McCook,33200,NE
El Paso,30615,TX
Gunnison,32012,CO
Midland/Odessa,33158,TX
Moab,31092,UT
Fort Myers,31714,FL
Cedar Rapids/Iowa City,31003,IA
Sioux Falls,31775,SD
Branson,30643,MO
Trenton,35356,NJ
Riverton/Lander,34534,WY
Vernal,35582,UT
New York,31703,NY
North Platte,32899,NE
Knoxville,35412,TN
Baltimore,30852,MD
Richmond,34524,VA
Chadron,30925,NE
Springfield,34783,MO
Nashville,30693,TN
Kearney,31468,NE
Devils Lake,31447,ND
Lihue,32982,HI
Great Falls,31895,MT
Hays,32255,KS
Jamestown,32519,ND
Salina,34877,KS
Kalispell,31648,MT
Pensacola,33728,FL
San Luis Obispo,34236,CA
Seattle,30559,WA
Norfolk,33667,VA
Long Beach,32575,CA
Fargo,31637,ND
Laramie,32888,WY
Helena,32156,MT
Huntsville,30255,AL
Dayton,31267,OH
Rock Springs,34543,WY
Washington,30852,VA
Lincoln,33029,NE
Palm Springs,34262,CA
Bismarck/Mandan,30627,ND
Missoula,33486,MT
Medford,33264,OR
Eugene,31603,OR
Greensboro/High Point,31995,NC
Pierre,34120,SD
Rapid City,34457,SD
Santa Barbara,34689,CA
Gillette,31865,WY
Minot,33304,ND
Bakersfield,30561,CA
Pasco/Kennewick/Richland,34252,WA
Madison,33485,WI
Santa Fe,34674,NM
St. George,34794,UT
Kona,32758,HI
Bend/Redmond,34489,OR
Sacramento,33192,CA
Idaho Falls,32280,ID
Kahului,33830,HI
Charleston,30994,SC
Boise,30713,ID
Albany,30257,NY
Jacksonville,31136,FL
Raleigh/Durham,34492,NC
Pittsburgh,30198,PA
Detroit,31295,MI
Milwaukee,33342,WI
Anchorage,30299,AK
Miami,32467,FL
Fort Lauderdale,32467,FL
Honolulu,32134,HI
Newark,31703,NJ
Dallas,30194,TX
,,
,,
,,
,,
,,
,,
,,
,,
,,
,,
,,
,,
,,
,,
,,
,,
,,
,,
,,
,,
,,
,,
,,
,,
,,
,,
,,
,,
,,
,,
,,
,,
,,
,,
,,
,,
,,
,,
,,
,,
,,
,,
,,
,,
,,
,,
,,
,,
,,
,,
,,
,,
,,
,,
,,
,,
,,
,,
,,
,,
,,
,,
,,
,,
,,
,,
,,
,,
,,
,,
,,
,,
,,
,,
,,
,,
,,
,,
,,
,,
,,
,,
,,
,,
,,
,,
,,
,,
,,
,,
,,
,,
,,
,,
,,
,,
,,
,,
,,
,,
,,
,,
,,
,,
,,
,,
,,
,,
,,
,,
,,
,,
,,
,,
,,
,,
,,
,,
,,
,,
,,
,,
,,
,,
,,
,,
,,
,,
,,
,,
,,
,,
,,
,,
,,
,,
,,
,,
,,
,,
,,
,,
,,
,,
,,
,,
,,
,,
,,
,,
,,
,,
,,
,,
,,
,,
,,
,,
,,
,,
,,
,,
,,
,,
,,
,,
,,
,,
,,
,,
,,
,,
,,
,,
,,
,,
,,
,,
,,
,,
,,
,,
,,
,,
,,
,,
,,
,,
,,
,,
,,
,,
,,
,,
,,
,,
,,
,,
,,
,,
,,
,,
,,
,,
,,
,,
,,
,,
,,
,,
,,
,,
,,
,,
,,
,,
,,
,,
,,
,,
,,
,,
,,
,,
,,
,,
,,
,,
,,
,,
,,
,,
,,
,,
,,
,,
,,
,,
,,
,,
,,
,,
,,
,,
,,
,,
,,
,,
,,
,,
,,
,,
,,
,,
,,
,,
,,
,,
,,
,,
,,
,,
,,
,,
,,
,,
,,
,,
,,
,,
,,
,,
,,
,,
,,
,,
,,
,,
,,
,,
,,
,,
,,
,,
,,
,,
,,
,,
,,
,,
,,
,,
,,
,,
,,
,,
,,
,,
,,
,,
,,
,,
,,
,,
,,
,,
,,
,,
,,
,,
,,
,,
,,
,,
,,
,,
,,
,,
,,
,,
,,
,,
,,
,,
,,
,,
,,
,,
,,
,,
,,
,,
,,
,,
,,
,,
,,
,,
,,
,,
,,
,,
,,
,,
,,
,,
,,
,,
,,
,,
,,
,,
,,
,,
,,
,,
,,
,,
,,
,,
,,
,,
,,
,,
,,
,,
,,
,,
,,
,,
,,
,,
,,
,,
,,
,,
,,
,,
,,
,,
,,
,,
,,
,,
,,
,,
,,
,,
,,
,,
,,
,,
,,
,,
,,
,,
,,
,,
,,
,,
,,
,,
,,
,,
,,
,,
,,
,,
,,
,,
,,
,,
,,
,,
,,
,,
,,
,,
,,
,,
,,
,,
,,
,,
,,
,,
,,
,,
,,
,,
,,
,,
,,
,,
,,
,,
,,
,,
,,
,,
,,
,,
,,
,,
,,
,,
,,
,,
,,
,,
,,
,,
,,
,,
,,
,,
,,
,,
,,
,,
,,
,,
,,
,,
,,
,,
,,
,,
,,
,,
,,
,,
,,
,,
,,
,,
,,
,,
,,
,,
,,
,,
,,
,,
,,
,,
,,
,,
,,
,,
,,
,,
,,
,,
,,
,,
,,
,,
,,
,,
,,
,,
,,
,,
,,
,,
,,
,,
,,
,,
,,
,,
,,
,,
,,
,,
,,
,,
,,
,,
,,
,,
,,
,,
,,
,,
,,
,,
,,
,,
,,
,,
,,
,,
,,
,,
,,
,,
,,
,,
,,
,,
,,
,,
,,
,,
,,
,,
,,
,,
,,
,,
,,
,,
,,
,,
,,
,,
,,
,,
,,
,,
,,
,,
,,
,,
,,
,,
,,
,,
,,
,,
,,
,,
,,
,,
,,
,,
,,
,,
,,
,,
,,
,,
,,
,,
,,
,,
,,
,,
,,
,,
,,
,,
,,
,,
,,
,,
,,
,,
,,
,,
,,
,,
,,
,,
,,
,,
,,
,,
,,
,,
,,
,,
,,
,,
,,
,,
,,
,,
,,
,,
,,
,,
,,
,,
,,
,,
,,
,,
,,
,,
,,
,,
,,
,,
,,
,,
,,
,,
,,
,,
,,
,,
,,
,,
,,
,,
,,
,,
,,
,,
,,
,,
,,
,,
,,
,,
,,
,,
,,
,,
,,
,,
,,
,,
,,
,,
,,
,,
,,
,,
,,
,,
,,
,,
,,
,,
,,
,,
,,
,,
,,
,,
,,
,,
,,
,,
,,
,,
,,
,,
,,
,,
,,
,,
,,
,,
,,
,,
,,
,,
,,
,,
,,
,,
,,
,,
,,
,,
,,
,,
,,
,,
,,
,,
,,
,,
,,
,,
,,
,,
,,
,,
,,
,,
,,
,,
,,
,,
,,
,,
,,
,,
,,
,,
,,
,,
,,
,,
,,
,,
,,
,,
,,
,,
,,
,,
,,
,,
,,
,,
,,
,,
,,
,,
,,
,,
,,
,,
,,
,,
,,
,,
,,
,,
,,
,,
,,
,,
,,
,,
,,
,,
,,
,,
,,
,,
,,
,,
,,
,,
,,
,,
,,
,,
,,
,,
,,
,,
,,
,,
,,
,,
,,
,,
,,
,,
,,
,,
,,
,,
,,
,,
,,
,,
,,
,,
,,
,,
,,
,,
,,
,,
,,
,,
,,
,,
,,
,,
,,
,,
,,
,,
,,
,,
,,
,,
,,
,,
,,
,,
,,
,,
,,
,,
,,
,,
,,
,,
,,
,,
,,
,,
,,
,,
,,
,,
,,
,,
,,
,,
,,
,,
,,
,,
,,
,,
,,
,,
,,
,,
,,
,,
,,
,,
,,
,,
,,
,,
,,
,,
,,
,,
,,
,,
,,
,,
,,
,,
,,
,,
,,
,,
,,
,,
,,
,,
,,
,,
,,
,,
,,
,,
,,
,,
,,
,,
,,
,,
,,
,,
,,
,,
,,
,,
,,
,,
,,
,,
,,
,,
,,
,,
,,
,,
,,
,,
,,
,,
