Origin_City,Airline_ID,Dest_City,Origin,Origin_Airport_ID,,,,,,,,,,,,,,,
Colorado Springs,19393,Denver,COS,11109,,,,,,,,,,,,,,,
Cheyenne,19393,Denver,CYS,11233,,,,,,,,,,,,,,,
Dallas,19393,Colorado Springs,DAL,11259,,,,,,,,,,,,,,,
Denver,19393,Buffalo,DEN,11292,,,,,,,,,,,,,,,
Denver,19393,Corpus Christi,DEN,11292,,,,,,,,,,,,,,,
Denver,19393,Panama City,DEN,11292,,,,,,,,,,,,,,,
Denver,19393,Gulfport/Biloxi,DEN,11292,,,,,,,,,,,,,,,
Denver,19393,Greer,DEN,11292,,,,,,,,,,,,,,,
Denver,19393,Lubbock,DEN,11292,,,,,,,,,,,,,,,
Denver,19393,Little Rock,DEN,11292,,,,,,,,,,,,,,,
San Jose,19393,Colorado Springs,SJC,14831,,,,,,,,,,,,,,,
Charleston,19393,Denver,CHS,10994,,,,,,,,,,,,,,,
Cleveland,19393,Denver,CLE,11042,,,,,,,,,,,,,,,
Denver,19393,Albuquerque,DEN,11292,,,,,,,,,,,,,,,
Denver,19393,Boise,DEN,11292,,,,,,,,,,,,,,,
Denver,19393,Detroit,DEN,11292,,,,,,,,,,,,,,,
Denver,19393,Grand Rapids,DEN,11292,,,,,,,,,,,,,,,
Denver,19393,Milwaukee,DEN,11292,,,,,,,,,,,,,,,
Denver,19393,Portland,DEN,11292,,,,,,,,,,,,,,,
Denver,19393,Philadelphia,DEN,11292,,,,,,,,,,,,,,,
Denver,19393,Reno,DEN,11292,,,,,,,,,,,,,,,
Denver,19393,Fort Myers,DEN,11292,,,,,,,,,,,,,,,
Denver,19393,Tulsa,DEN,11292,,,,,,,,,,,,,,,
Detroit,19393,Denver,DTW,11433,,,,,,,,,,,,,,,
Grand Rapids,19393,Denver,GRR,11986,,,,,,,,,,,,,,,
New Orleans,19393,Denver,MSY,13495,,,,,,,,,,,,,,,
Pittsburgh,19393,Denver,PIT,14122,,,,,,,,,,,,,,,
Reno,19393,Denver,RNO,14570,,,,,,,,,,,,,,,
Fort Myers,19393,Denver,RSW,14635,,,,,,,,,,,,,,,
Sacramento,19393,Denver,SMF,14893,,,,,,,,,,,,,,,
Boise,19393,Denver,BOI,10713,,,,,,,,,,,,,,,
Denver,19393,Baltimore,DEN,11292,,,,,,,,,,,,,,,
Denver,19393,Charleston,DEN,11292,,,,,,,,,,,,,,,
Denver,19393,Columbus,DEN,11292,,,,,,,,,,,,,,,
Denver,19393,Spokane,DEN,11292,,,,,,,,,,,,,,,
Denver,19393,Louisville,DEN,11292,,,,,,,,,,,,,,,
Denver,19393,Salt Lake City,DEN,11292,,,,,,,,,,,,,,,
Spokane,19393,Denver,GEG,11884,,,,,,,,,,,,,,,
Portland,19393,Denver,PDX,14057,,,,,,,,,,,,,,,
San Diego,19393,Denver,SAN,14679,,,,,,,,,,,,,,,
Seattle,19393,Denver,SEA,14747,,,,,,,,,,,,,,,
San Jose,19393,Denver,SJC,14831,,,,,,,,,,,,,,,
Albuquerque,19393,Denver,ABQ,10140,,,,,,,,,,,,,,,
Albany,19393,Denver,ALB,10257,,,,,,,,,,,,,,,
Atlanta,19393,Denver,ATL,10397,,,,,,,,,,,,,,,
Hartford,19393,Denver,BDL,10529,,,,,,,,,,,,,,,
Denver,19393,Indianapolis,DEN,11292,,,,,,,,,,,,,,,
Denver,19393,Long Beach,DEN,11292,,,,,,,,,,,,,,,
Denver,19393,Kansas City,DEN,11292,,,,,,,,,,,,,,,
Denver,19393,New Orleans,DEN,11292,,,,,,,,,,,,,,,
Denver,19393,Omaha,DEN,11292,,,,,,,,,,,,,,,
Denver,19393,Ontario,DEN,11292,,,,,,,,,,,,,,,
Denver,19393,Norfolk,DEN,11292,,,,,,,,,,,,,,,
Denver,19393,San Antonio,DEN,11292,,,,,,,,,,,,,,,
Denver,19393,Seattle,DEN,11292,,,,,,,,,,,,,,,
Denver,19393,San Jose,DEN,11292,,,,,,,,,,,,,,,
Denver,19393,Sacramento,DEN,11292,,,,,,,,,,,,,,,
Denver,19393,Tucson,DEN,11292,,,,,,,,,,,,,,,
Indianapolis,19393,Denver,IND,12339,,,,,,,,,,,,,,,
Long Beach,19393,Denver,LGB,12954,,,,,,,,,,,,,,,
Omaha,19393,Denver,OMA,13871,,,,,,,,,,,,,,,
Ontario,19393,Denver,ONT,13891,,,,,,,,,,,,,,,
Norfolk,19393,Denver,ORF,13931,,,,,,,,,,,,,,,
Denver,19393,Austin,DEN,11292,,,,,,,,,,,,,,,
Denver,19393,San Diego,DEN,11292,,,,,,,,,,,,,,,
Milwaukee,19393,Denver,MKE,13342,,,,,,,,,,,,,,,
Minneapolis,19393,Denver,MSP,13487,,,,,,,,,,,,,,,
San Antonio,19393,Denver,SAT,14683,,,,,,,,,,,,,,,
Salt Lake City,19393,Denver,SLC,14869,,,,,,,,,,,,,,,
Tucson,19393,Denver,TUS,15376,,,,,,,,,,,,,,,
Nashville,19393,Denver,BNA,10693,,,,,,,,,,,,,,,
Denver,19393,Minneapolis,DEN,11292,,,,,,,,,,,,,,,
Denver,19393,St. Louis,DEN,11292,,,,,,,,,,,,,,,
Houston,19393,Denver,HOU,12191,,,,,,,,,,,,,,,
Oklahoma City,19393,Denver,OKC,13851,,,,,,,,,,,,,,,
St. Louis,19393,Denver,STL,15016,,,,,,,,,,,,,,,
Denver,19393,Fort Lauderdale,DEN,11292,,,,,,,,,,,,,,,
Denver,19393,Jacksonville,DEN,11292,,,,,,,,,,,,,,,
Denver,19393,Oakland,DEN,11292,,,,,,,,,,,,,,,
Denver,19393,Oklahoma City,DEN,11292,,,,,,,,,,,,,,,
Jacksonville,19393,Denver,JAX,12451,,,,,,,,,,,,,,,
San Francisco,19393,Denver,SFO,14771,,,,,,,,,,,,,,,
Austin,19393,Denver,AUS,10423,,,,,,,,,,,,,,,
Denver,19393,Newark,DEN,11292,,,,,,,,,,,,,,,
Denver,19393,Pensacola,DEN,11292,,,,,,,,,,,,,,,
Denver,19393,Raleigh/Durham,DEN,11292,,,,,,,,,,,,,,,
Pensacola,19393,Denver,PNS,14193,,,,,,,,,,,,,,,
Tulsa,19393,Denver,TUL,15370,,,,,,,,,,,,,,,
Denver,19393,Houston,DEN,11292,,,,,,,,,,,,,,,
Denver,19393,Los Angeles,DEN,11292,,,,,,,,,,,,,,,
Denver,19393,Phoenix,DEN,11292,,,,,,,,,,,,,,,
Denver,19393,San Francisco,DEN,11292,,,,,,,,,,,,,,,
Las Vegas,19393,Denver,LAS,12889,,,,,,,,,,,,,,,
Kansas City,19393,Denver,MCI,13198,,,,,,,,,,,,,,,
Raleigh/Durham,19393,Denver,RDU,14492,,,,,,,,,,,,,,,
Denver,19393,Atlanta,DEN,11292,,,,,,,,,,,,,,,
Denver,19393,Hartford,DEN,11292,,,,,,,,,,,,,,,
Denver,19393,Cleveland,DEN,11292,,,,,,,,,,,,,,,
Denver,19393,Las Vegas,DEN,11292,,,,,,,,,,,,,,,
Louisville,19393,Denver,SDF,14730,,,,,,,,,,,,,,,
Denver,19393,Washington,DEN,11292,,,,,,,,,,,,,,,
Los Angeles,19393,Denver,LAX,12892,,,,,,,,,,,,,,,
Phoenix,19393,Denver,PHX,14107,,,,,,,,,,,,,,,
Denver,19393,Nashville,DEN,11292,,,,,,,,,,,,,,,
Dallas,19393,Denver,DAL,11259,,,,,,,,,,,,,,,
Fort Lauderdale,19393,Denver,FLL,11697,,,,,,,,,,,,,,,
Denver,19393,Dallas,DEN,11292,,,,,,,,,,,,,,,
Denver,19393,New York,DEN,11292,,,,,,,,,,,,,,,
Denver,19393,Pittsburgh,DEN,11292,,,,,,,,,,,,,,,
Boston,19393,Denver,BOS,10721,,,,,,,,,,,,,,,
Newark,19393,Denver,EWR,11618,,,,,,,,,,,,,,,
Denver,19393,Albany,DEN,11292,,,,,,,,,,,,,,,
Philadelphia,19393,Denver,PHL,14100,,,,,,,,,,,,,,,
Tampa,19393,Denver,TPA,15304,,,,,,,,,,,,,,,
Denver,19393,Boston,DEN,11292,,,,,,,,,,,,,,,
Washington,19393,Denver,IAD,12264,,,,,,,,,,,,,,,
Denver,19393,Orlando,DEN,11292,,,,,,,,,,,,,,,
Denver,19393,Tampa,DEN,11292,,,,,,,,,,,,,,,
Orlando,19393,Denver,MCO,13204,,,,,,,,,,,,,,,
Baltimore,19393,Denver,BWI,10821,,,,,,,,,,,,,,,
Oakland,19393,Denver,OAK,13796,,,,,,,,,,,,,,,
Columbus,19393,Denver,CMH,11066,,,,,,,,,,,,,,,
Denver,19393,Burbank,DEN,11292,,,,,,,,,,,,,,,
Burbank,19393,Denver,BUR,10800,,,,,,,,,,,,,,,
New York,19393,Denver,LGA,12953,,,,,,,,,,,,,,,
Chicago,19393,Denver,MDW,13232,,,,,,,,,,,,,,,
Denver,19393,Chicago,DEN,11292,,,,,,,,,,,,,,,
Denver,19393,Santa Ana,DEN,11292,,,,,,,,,,,,,,,
Santa Ana,19393,Denver,SNA,14908,,,,,,,,,,,,,,,
Colorado Springs,19687,Seattle,COS,11109,,,,,,,,,,,,,,,
Seattle,19687,Colorado Springs,SEA,14747,,,,,,,,,,,,,,,
Atlanta,19790,Colorado Springs,ATL,10397,,,,,,,,,,,,,,,
Atlanta,19790,Denver,ATL,10397,,,,,,,,,,,,,,,
Colorado Springs,19790,Atlanta,COS,11109,,,,,,,,,,,,,,,
Colorado Springs,19790,Dallas/Fort Worth,COS,11109,,,,,,,,,,,,,,,
Casper,19790,Denver,CPR,11122,,,,,,,,,,,,,,,
Denver,19790,Atlanta,DEN,11292,,,,,,,,,,,,,,,
Denver,19790,Cincinnati,DEN,11292,,,,,,,,,,,,,,,
Denver,19790,Detroit,DEN,11292,,,,,,,,,,,,,,,
Denver,19790,Sioux Falls,DEN,11292,,,,,,,,,,,,,,,
Denver,19790,Las Vegas,DEN,11292,,,,,,,,,,,,,,,
Denver,19790,San Diego,DEN,11292,,,,,,,,,,,,,,,
Denver,19790,Salt Lake City,DEN,11292,,,,,,,,,,,,,,,
Detroit,19790,Denver,DTW,11433,,,,,,,,,,,,,,,
Minneapolis,19790,Denver,MSP,13487,,,,,,,,,,,,,,,
Oklahoma City,19790,Denver,OKC,13851,,,,,,,,,,,,,,,
San Francisco,19790,Denver,SFO,14771,,,,,,,,,,,,,,,
Salt Lake City,19790,Denver,SLC,14869,,,,,,,,,,,,,,,
Denver,19790,Los Angeles,DEN,11292,,,,,,,,,,,,,,,
Denver,19790,Minneapolis,DEN,11292,,,,,,,,,,,,,,,
Denver,19790,New York,DEN,11292,,,,,,,,,,,,,,,
New York,19790,Denver,LGA,12953,,,,,,,,,,,,,,,
Cincinnati,19790,Denver,CVG,11193,,,,,,,,,,,,,,,
New York,19790,Denver,JFK,12478,,,,,,,,,,,,,,,
Denver,19790,Seattle,DEN,11292,,,,,,,,,,,,,,,
Seattle,19790,Denver,SEA,14747,,,,,,,,,,,,,,,
Denver,19805,Phoenix,DEN,11292,,,,,,,,,,,,,,,
Philadelphia,19805,Denver,PHL,14100,,,,,,,,,,,,,,,
Colorado Springs,19805,Denver,COS,11109,,,,,,,,,,,,,,,
Colorado Springs,19805,Dallas/Fort Worth,COS,11109,,,,,,,,,,,,,,,
Colorado Springs,19805,Wichita,COS,11109,,,,,,,,,,,,,,,
Denver,19805,Boston,DEN,11292,,,,,,,,,,,,,,,
Denver,19805,Los Angeles,DEN,11292,,,,,,,,,,,,,,,
Denver,19805,Little Rock,DEN,11292,,,,,,,,,,,,,,,
Orlando,19805,Denver,MCO,13204,,,,,,,,,,,,,,,
Chicago,19805,Colorado Springs,ORD,13930,,,,,,,,,,,,,,,
Raleigh/Durham,19805,Denver,RDU,14492,,,,,,,,,,,,,,,
San Francisco,19805,Denver,SFO,14771,,,,,,,,,,,,,,,
Salt Lake City,19805,Colorado Springs,SLC,14869,,,,,,,,,,,,,,,
Denver,19805,Portland,DEN,11292,,,,,,,,,,,,,,,
Los Angeles,19805,Denver,LAX,12892,,,,,,,,,,,,,,,
Dallas/Fort Worth,19805,Denver,DFW,11298,,,,,,,,,,,,,,,
Denver,19805,Dallas/Fort Worth,DEN,11292,,,,,,,,,,,,,,,
Phoenix,19805,Denver,PHX,14107,,,,,,,,,,,,,,,
Denver,19805,Philadelphia,DEN,11292,,,,,,,,,,,,,,,
Eagle,19805,Dallas/Fort Worth,EGE,11503,,,,,,,,,,,,,,,
Miami,19805,Denver,MIA,13303,,,,,,,,,,,,,,,
Denver,19805,Miami,DEN,11292,,,,,,,,,,,,,,,
Dallas/Fort Worth,19805,Eagle,DFW,11298,,,,,,,,,,,,,,,
Chicago,19805,Denver,ORD,13930,,,,,,,,,,,,,,,
Denver,19805,Chicago,DEN,11292,,,,,,,,,,,,,,,
Dallas/Fort Worth,19805,Colorado Springs,DFW,11298,,,,,,,,,,,,,,,
Charlotte,19805,Denver,CLT,11057,,,,,,,,,,,,,,,
Denver,19805,Charlotte,DEN,11292,,,,,,,,,,,,,,,
Denver,19917,Seattle,DEN,11292,,,,,,,,,,,,,,,
Denver,19917,Las Vegas,DEN,11292,,,,,,,,,,,,,,,
Denver,19917,Louisville,DEN,11292,,,,,,,,,,,,,,,
Salt Lake City,19917,Denver,SLC,14869,,,,,,,,,,,,,,,
Denver,19917,Salt Lake City,DEN,11292,,,,,,,,,,,,,,,
Ontario,19917,Denver,ONT,13891,,,,,,,,,,,,,,,
Denver,19917,Burbank,DEN,11292,,,,,,,,,,,,,,,
Louisville,19917,Denver,SDF,14730,,,,,,,,,,,,,,,
Billings,19917,Denver,BIL,10620,,,,,,,,,,,,,,,
Denver,19917,Billings,DEN,11292,,,,,,,,,,,,,,,
Denver,19917,Ontario,DEN,11292,,,,,,,,,,,,,,,
Rockford,19917,Denver,RFD,14512,,,,,,,,,,,,,,,
Denver,19917,Reno,DEN,11292,,,,,,,,,,,,,,,
Colorado Springs,19930,Denver,COS,11109,,,,,,,,,,,,,,,
Seattle,19930,Colorado Springs,SEA,14747,,,,,,,,,,,,,,,
Denver,19930,Seattle,DEN,11292,,,,,,,,,,,,,,,
Seattle,19930,Denver,SEA,14747,,,,,,,,,,,,,,,
Scottsbluff,19977,Denver,BFF,10558,,,,,,,,,,,,,,,
Denver,19977,Cleveland,DEN,11292,,,,,,,,,,,,,,,
Denver,19977,Jackson/Vicksburg,DEN,11292,,,,,,,,,,,,,,,
Denver,19977,Los Angeles,DEN,11292,,,,,,,,,,,,,,,
Denver,19977,Miami,DEN,11292,,,,,,,,,,,,,,,
Denver,19977,Richmond,DEN,11292,,,,,,,,,,,,,,,
Kansas City,19977,Denver,MKC,13341,,,,,,,,,,,,,,,
Denver,19977,San Francisco,DEN,11292,,,,,,,,,,,,,,,
Albuquerque,19977,Denver,ABQ,10140,,,,,,,,,,,,,,,
Hartford,19977,Denver,BDL,10529,,,,,,,,,,,,,,,
Boston,19977,Denver,BOS,10721,,,,,,,,,,,,,,,
Bozeman,19977,Denver,BZN,10849,,,,,,,,,,,,,,,
Denver,19977,Albuquerque,DEN,11292,,,,,,,,,,,,,,,
Denver,19977,Billings,DEN,11292,,,,,,,,,,,,,,,
Denver,19977,Boston,DEN,11292,,,,,,,,,,,,,,,
Denver,19977,Bozeman,DEN,11292,,,,,,,,,,,,,,,
Denver,19977,Cincinnati,DEN,11292,,,,,,,,,,,,,,,
Denver,19977,Detroit,DEN,11292,,,,,,,,,,,,,,,
Denver,19977,Fort Lauderdale,DEN,11292,,,,,,,,,,,,,,,
Denver,19977,Washington,DEN,11292,,,,,,,,,,,,,,,
Denver,19977,Houston,DEN,11292,,,,,,,,,,,,,,,
Denver,19977,Las Vegas,DEN,11292,,,,,,,,,,,,,,,
Denver,19977,Kansas City,DEN,11292,,,,,,,,,,,,,,,
Denver,19977,Orlando,DEN,11292,,,,,,,,,,,,,,,
Denver,19977,Chicago,DEN,11292,,,,,,,,,,,,,,,
Denver,19977,Philadelphia,DEN,11292,,,,,,,,,,,,,,,
Denver,19977,Palm Springs,DEN,11292,,,,,,,,,,,,,,,
Denver,19977,Reno,DEN,11292,,,,,,,,,,,,,,,
Denver,19977,Salt Lake City,DEN,11292,,,,,,,,,,,,,,,
Denver,19977,St. Louis,DEN,11292,,,,,,,,,,,,,,,
Denver,19977,Tulsa,DEN,11292,,,,,,,,,,,,,,,
Washington,19977,Denver,IAD,12264,,,,,,,,,,,,,,,
Houston,19977,Denver,IAH,12266,,,,,,,,,,,,,,,
Kansas City,19977,Denver,MCI,13198,,,,,,,,,,,,,,,
Orlando,19977,Denver,MCO,13204,,,,,,,,,,,,,,,
Palm Springs,19977,Denver,PSP,14262,,,,,,,,,,,,,,,
Richmond,19977,Denver,RIC,14524,,,,,,,,,,,,,,,
Reno,19977,Denver,RNO,14570,,,,,,,,,,,,,,,
San Antonio,19977,Denver,SAT,14683,,,,,,,,,,,,,,,
Santa Barbara,19977,Denver,SBA,14689,,,,,,,,,,,,,,,
San Francisco,19977,Denver,SFO,14771,,,,,,,,,,,,,,,
Santa Ana,19977,Denver,SNA,14908,,,,,,,,,,,,,,,
St. Louis,19977,Denver,STL,15016,,,,,,,,,,,,,,,
Tulsa,19977,Denver,TUL,15370,,,,,,,,,,,,,,,
Atlanta,19977,Denver,ATL,10397,,,,,,,,,,,,,,,
Cincinnati,19977,Denver,CVG,11193,,,,,,,,,,,,,,,
Washington,19977,Denver,DCA,11278,,,,,,,,,,,,,,,
Denver,19977,Atlanta,DEN,11292,,,,,,,,,,,,,,,
Denver,19977,Spokane,DEN,11292,,,,,,,,,,,,,,,
Denver,19977,Wichita,DEN,11292,,,,,,,,,,,,,,,
Denver,19977,Raleigh/Durham,DEN,11292,,,,,,,,,,,,,,,
Denver,19977,Santa Barbara,DEN,11292,,,,,,,,,,,,,,,
Denver,19977,Tampa,DEN,11292,,,,,,,,,,,,,,,
Denver,19977,Tucson,DEN,11292,,,,,,,,,,,,,,,
Eugene,19977,Denver,EUG,11603,,,,,,,,,,,,,,,
Newark,19977,Denver,EWR,11618,,,,,,,,,,,,,,,
Spokane,19977,Denver,GEG,11884,,,,,,,,,,,,,,,
Grand Rapids,19977,Denver,GRR,11986,,,,,,,,,,,,,,,
Wichita,19977,Denver,ICT,12278,,,,,,,,,,,,,,,
Las Vegas,19977,Denver,LAS,12889,,,,,,,,,,,,,,,
Tampa,19977,Denver,TPA,15304,,,,,,,,,,,,,,,
Tucson,19977,Denver,TUS,15376,,,,,,,,,,,,,,,
Burbank,19977,Denver,BUR,10800,,,,,,,,,,,,,,,
Baltimore,19977,Denver,BWI,10821,,,,,,,,,,,,,,,
Charlotte,19977,Denver,CLT,11057,,,,,,,,,,,,,,,
Denver,19977,Newark,DEN,11292,,,,,,,,,,,,,,,
Oklahoma City,19977,Denver,OKC,13851,,,,,,,,,,,,,,,
Chicago,19977,Denver,ORD,13930,,,,,,,,,,,,,,,
Raleigh/Durham,19977,Denver,RDU,14492,,,,,,,,,,,,,,,
Cedar Rapids/Iowa City,19977,Denver,CID,11003,,,,,,,,,,,,,,,
Columbus,19977,Denver,CMH,11066,,,,,,,,,,,,,,,
Denver,19977,Boise,DEN,11292,,,,,,,,,,,,,,,
Denver,19977,Charlotte,DEN,11292,,,,,,,,,,,,,,,
Denver,19977,Columbus,DEN,11292,,,,,,,,,,,,,,,
Denver,19977,Eugene,DEN,11292,,,,,,,,,,,,,,,
Denver,19977,Kalispell,DEN,11292,,,,,,,,,,,,,,,
Denver,19977,Lihue,DEN,11292,,,,,,,,,,,,,,,
Denver,19977,Madison,DEN,11292,,,,,,,,,,,,,,,
Denver,19977,New Orleans,DEN,11292,,,,,,,,,,,,,,,
Detroit,19977,Denver,DTW,11433,,,,,,,,,,,,,,,
Kalispell,19977,Denver,FCA,11648,,,,,,,,,,,,,,,
Lihue,19977,Denver,LIH,12982,,,,,,,,,,,,,,,
Madison,19977,Denver,MSN,13485,,,,,,,,,,,,,,,
Boise,19977,Denver,BOI,10713,,,,,,,,,,,,,,,
Denver,19977,Baltimore,DEN,11292,,,,,,,,,,,,,,,
Denver,19977,Cedar Rapids/Iowa City,DEN,11292,,,,,,,,,,,,,,,
Denver,19977,Medford,DEN,11292,,,,,,,,,,,,,,,
Denver,19977,Ontario,DEN,11292,,,,,,,,,,,,,,,
Denver,19977,San Jose,DEN,11292,,,,,,,,,,,,,,,
Denver,19977,Sacramento,DEN,11292,,,,,,,,,,,,,,,
Fort Lauderdale,19977,Denver,FLL,11697,,,,,,,,,,,,,,,
Ontario,19977,Denver,ONT,13891,,,,,,,,,,,,,,,
Portland,19977,Denver,PDX,14057,,,,,,,,,,,,,,,
Seattle,19977,Denver,SEA,14747,,,,,,,,,,,,,,,
San Jose,19977,Denver,SJC,14831,,,,,,,,,,,,,,,
Austin,19977,Denver,AUS,10423,,,,,,,,,,,,,,,
Denver,19977,Grand Rapids,DEN,11292,,,,,,,,,,,,,,,
Denver,19977,Indianapolis,DEN,11292,,,,,,,,,,,,,,,
Denver,19977,Milwaukee,DEN,11292,,,,,,,,,,,,,,,
Indianapolis,19977,Denver,IND,12339,,,,,,,,,,,,,,,
Medford,19977,Denver,MFR,13264,,,,,,,,,,,,,,,
Milwaukee,19977,Denver,MKE,13342,,,,,,,,,,,,,,,
Philadelphia,19977,Denver,PHL,14100,,,,,,,,,,,,,,,
Billings,19977,Denver,BIL,10620,,,,,,,,,,,,,,,
Denver,19977,Burbank,DEN,11292,,,,,,,,,,,,,,,
Denver,19977,Des Moines,DEN,11292,,,,,,,,,,,,,,,
Denver,19977,Oklahoma City,DEN,11292,,,,,,,,,,,,,,,
Denver,19977,Pittsburgh,DEN,11292,,,,,,,,,,,,,,,
Des Moines,19977,Denver,DSM,11423,,,,,,,,,,,,,,,
Pittsburgh,19977,Denver,PIT,14122,,,,,,,,,,,,,,,
Denver,19977,Austin,DEN,11292,,,,,,,,,,,,,,,
Denver,19977,Hartford,DEN,11292,,,,,,,,,,,,,,,
Denver,19977,New York,DEN,11292,,,,,,,,,,,,,,,
Denver,19977,Minneapolis,DEN,11292,,,,,,,,,,,,,,,
Denver,19977,Seattle,DEN,11292,,,,,,,,,,,,,,,
New Orleans,19977,Denver,MSY,13495,,,,,,,,,,,,,,,
Salt Lake City,19977,Denver,SLC,14869,,,,,,,,,,,,,,,
Denver,19977,Portland,DEN,11292,,,,,,,,,,,,,,,
Denver,19977,Sioux Falls,DEN,11292,,,,,,,,,,,,,,,
Denver,19977,Omaha,DEN,11292,,,,,,,,,,,,,,,
Sioux Falls,19977,Denver,FSD,11775,,,,,,,,,,,,,,,
Dallas/Fort Worth,19977,Denver,DFW,11298,,,,,,,,,,,,,,,
Minneapolis,19977,Denver,MSP,13487,,,,,,,,,,,,,,,
Sacramento,19977,Denver,SMF,14893,,,,,,,,,,,,,,,
San Diego,19977,Denver,SAN,14679,,,,,,,,,,,,,,,
Denver,19977,San Diego,DEN,11292,,,,,,,,,,,,,,,
Omaha,19977,Denver,OMA,13871,,,,,,,,,,,,,,,
New York,19977,Denver,LGA,12953,,,,,,,,,,,,,,,
Denver,19977,Phoenix,DEN,11292,,,,,,,,,,,,,,,
Denver,19977,San Antonio,DEN,11292,,,,,,,,,,,,,,,
Denver,19977,Jackson,DEN,11292,,,,,,,,,,,,,,,
Phoenix,19977,Denver,PHX,14107,,,,,,,,,,,,,,,
Denver,19977,Dallas/Fort Worth,DEN,11292,,,,,,,,,,,,,,,
Denver,19977,Kona,DEN,11292,,,,,,,,,,,,,,,
Denver,19977,Kahului,DEN,11292,,,,,,,,,,,,,,,
Jackson,19977,Denver,JAC,12441,,,,,,,,,,,,,,,
Kona,19977,Denver,KOA,12758,,,,,,,,,,,,,,,
Kahului,19977,Denver,OGG,13830,,,,,,,,,,,,,,,
Los Angeles,19977,Denver,LAX,12892,,,,,,,,,,,,,,,
Denver,19977,Honolulu,DEN,11292,,,,,,,,,,,,,,,
Honolulu,19977,Denver,HNL,12173,,,,,,,,,,,,,,,
Cleveland,19977,Denver,CLE,11042,,,,,,,,,,,,,,,
Denver,19977,Santa Ana,DEN,11292,,,,,,,,,,,,,,,
Anchorage,19977,Denver,ANC,10299,,,,,,,,,,,,,,,
Denver,19977,Anchorage,DEN,11292,,,,,,,,,,,,,,,
Denver,20107,Dallas/Fort Worth,DEN,11292,,,,,,,,,,,,,,,
Denver,20107,Indianapolis,DEN,11292,,,,,,,,,,,,,,,
Denver,20107,Kansas City,DEN,11292,,,,,,,,,,,,,,,
Denver,20107,New Orleans,DEN,11292,,,,,,,,,,,,,,,
Denver,20107,Salt Lake City,DEN,11292,,,,,,,,,,,,,,,
Denver,20107,Tucson,DEN,11292,,,,,,,,,,,,,,,
Grand Junction,20107,Salt Lake City,GJT,11921,,,,,,,,,,,,,,,
Indianapolis,20107,Denver,IND,12339,,,,,,,,,,,,,,,
Kansas City,20107,Denver,MCI,13198,,,,,,,,,,,,,,,
Memphis,20107,Grand Junction,MEM,13244,,,,,,,,,,,,,,,
Oakland,20107,Denver,OAK,13796,,,,,,,,,,,,,,,
Denver,20107,Billings,DEN,11292,,,,,,,,,,,,,,,
Denver,20107,El Paso,DEN,11292,,,,,,,,,,,,,,,
Colorado Springs,20107,Grand Junction,COS,11109,,,,,,,,,,,,,,,
Denver,20107,Memphis,DEN,11292,,,,,,,,,,,,,,,
Grand Junction,20107,Colorado Springs,GJT,11921,,,,,,,,,,,,,,,
Memphis,20107,Denver,MEM,13244,,,,,,,,,,,,,,,
Denver,20107,Oakland,DEN,11292,,,,,,,,,,,,,,,
Fresno,20107,Grand Junction,FAT,11638,,,,,,,,,,,,,,,
Grand Junction,20107,Fresno,GJT,11921,,,,,,,,,,,,,,,
Grand Junction,20107,Memphis,GJT,11921,,,,,,,,,,,,,,,
Dallas/Fort Worth,20107,Denver,AFW,10194,,,,,,,,,,,,,,,
Albuquerque,20107,Durango,ABQ,10140,,,,,,,,,,,,,,,
Colorado Springs,20107,Memphis,COS,11109,,,,,,,,,,,,,,,
Farmington,20107,Durango,FMN,11711,,,,,,,,,,,,,,,
Hayden,20107,Casper,HDN,12094,,,,,,,,,,,,,,,
Memphis,20107,Colorado Springs,MEM,13244,,,,,,,,,,,,,,,
Casper,20107,Hayden,CPR,11122,,,,,,,,,,,,,,,
Durango,20107,Albuquerque,DRO,11413,,,,,,,,,,,,,,,
Cincinnati,20190,Denver,CVG,11193,,,,,,,,,,,,,,,
Denver,20190,Cincinnati,DEN,11292,,,,,,,,,,,,,,,
Atlanta,20201,Denver,ATL,10397,,,,,,,,,,,,,,,
Denver,20201,Greer,DEN,11292,,,,,,,,,,,,,,,
Denver,20225,Denver,APA,10325,,,,,,,,,,,,,,,
Scottsbluff,20225,Denver,BFF,10558,,,,,,,,,,,,,,,
Dodge City,20225,Denver,DDC,11283,,,,,,,,,,,,,,,
Denver,20225,Scottsbluff,DEN,11292,,,,,,,,,,,,,,,
Denver,20225,Dodge City,DEN,11292,,,,,,,,,,,,,,,
Denver,20225,Denver,DEN,11292,,,,,,,,,,,,,,,
Denver,20225,Kearney,DEN,11292,,,,,,,,,,,,,,,
Denver,20225,North Platte,DEN,11292,,,,,,,,,,,,,,,
Denver,20225,Liberal,DEN,11292,,,,,,,,,,,,,,,
Kearney,20225,Denver,EAR,11468,,,,,,,,,,,,,,,
North Platte,20225,Denver,LBF,12899,,,,,,,,,,,,,,,
Liberal,20225,Denver,LBL,12902,,,,,,,,,,,,,,,
Scottsbluff,20237,Denver,BFF,10558,,,,,,,,,,,,,,,
Denver,20237,Oklahoma City,DEN,11292,,,,,,,,,,,,,,,
Denver,20237,Durango,DEN,11292,,,,,,,,,,,,,,,
Durango,20237,Denver,DRO,11413,,,,,,,,,,,,,,,
Grand Rapids,20237,Denver,GRR,11986,,,,,,,,,,,,,,,
Billings,20237,Denver,BIL,10620,,,,,,,,,,,,,,,
Denver,20237,Billings,DEN,11292,,,,,,,,,,,,,,,
Denver,20237,Springfield,DEN,11292,,,,,,,,,,,,,,,
Denver,20237,Shreveport,DEN,11292,,,,,,,,,,,,,,,
Denver,20237,Tucson,DEN,11292,,,,,,,,,,,,,,,
Kansas City,20237,Denver,MCI,13198,,,,,,,,,,,,,,,
Shreveport,20237,Denver,SHV,14814,,,,,,,,,,,,,,,
Tucson,20237,Denver,TUS,15376,,,,,,,,,,,,,,,
Denver,20237,Wichita,DEN,11292,,,,,,,,,,,,,,,
Wichita,20237,Denver,ICT,12278,,,,,,,,,,,,,,,
Denver,20237,Cedar Rapids/Iowa City,DEN,11292,,,,,,,,,,,,,,,
Denver,20237,Sioux Falls,DEN,11292,,,,,,,,,,,,,,,
Cedar Rapids/Iowa City,20237,Denver,CID,11003,,,,,,,,,,,,,,,
Denver,20237,Hayden,DEN,11292,,,,,,,,,,,,,,,
Sioux Falls,20237,Denver,FSD,11775,,,,,,,,,,,,,,,
Denver,20237,Gunnison,DEN,11292,,,,,,,,,,,,,,,
Gunnison,20237,Denver,GUC,12012,,,,,,,,,,,,,,,
Hayden,20237,Denver,HDN,12094,,,,,,,,,,,,,,,
Denver,20237,Tulsa,DEN,11292,,,,,,,,,,,,,,,
Tulsa,20237,Denver,TUL,15370,,,,,,,,,,,,,,,
Denver,20237,Grand Rapids,DEN,11292,,,,,,,,,,,,,,,
Springfield,20237,Denver,SGF,14783,,,,,,,,,,,,,,,
Denver,20237,Great Falls,DEN,11292,,,,,,,,,,,,,,,
Denver,20237,Fayetteville,DEN,11292,,,,,,,,,,,,,,,
Fayetteville,20237,Denver,XNA,15919,,,,,,,,,,,,,,,
Great Falls,20237,Denver,GTF,12003,,,,,,,,,,,,,,,
Little Rock,20237,Denver,LIT,12992,,,,,,,,,,,,,,,
Denver,20237,Moline,DEN,11292,,,,,,,,,,,,,,,
Colorado Springs,20237,Denver,COS,11109,,,,,,,,,,,,,,,
Denver,20237,Colorado Springs,DEN,11292,,,,,,,,,,,,,,,
Des Moines,20237,Denver,DSM,11423,,,,,,,,,,,,,,,
Denver,20237,Knoxville,DEN,11292,,,,,,,,,,,,,,,
Knoxville,20237,Denver,TYS,15412,,,,,,,,,,,,,,,
Denver,20237,Kansas City,DEN,11292,,,,,,,,,,,,,,,
Denver,20237,Montrose/Delta,DEN,11292,,,,,,,,,,,,,,,
Montrose/Delta,20237,Denver,MTJ,13502,,,,,,,,,,,,,,,
Denver,20237,Fargo,DEN,11292,,,,,,,,,,,,,,,
Cody,20237,Denver,COD,11097,,,,,,,,,,,,,,,
Denver,20237,Cody,DEN,11292,,,,,,,,,,,,,,,
Denver,20237,Huntsville,DEN,11292,,,,,,,,,,,,,,,
Huntsville,20237,Denver,HSV,12217,,,,,,,,,,,,,,,
Denver,20237,Louisville,DEN,11292,,,,,,,,,,,,,,,
Louisville,20237,Denver,SDF,14730,,,,,,,,,,,,,,,
Denver,20237,Little Rock,DEN,11292,,,,,,,,,,,,,,,
Fargo,20237,Denver,FAR,11637,,,,,,,,,,,,,,,
Denver,20237,Lincoln,DEN,11292,,,,,,,,,,,,,,,
Albuquerque,20237,Denver,ABQ,10140,,,,,,,,,,,,,,,
Denver,20237,Albuquerque,DEN,11292,,,,,,,,,,,,,,,
Denver,20237,El Paso,DEN,11292,,,,,,,,,,,,,,,
El Paso,20237,Denver,ELP,11540,,,,,,,,,,,,,,,
Moline,20237,Denver,MLI,13367,,,,,,,,,,,,,,,
Lincoln,20237,Denver,LNK,13029,,,,,,,,,,,,,,,
St. Louis,20237,Denver,STL,15016,,,,,,,,,,,,,,,
Denver,20237,Dickinson,DEN,11292,,,,,,,,,,,,,,,
Dickinson,20237,Denver,DIK,11315,,,,,,,,,,,,,,,
Amarillo,20237,Denver,AMA,10279,,,,,,,,,,,,,,,
Denver,20237,Amarillo,DEN,11292,,,,,,,,,,,,,,,
Denver,20237,Lubbock,DEN,11292,,,,,,,,,,,,,,,
Lubbock,20237,Denver,LBB,12896,,,,,,,,,,,,,,,
Missoula,20237,Denver,MSO,13486,,,,,,,,,,,,,,,
Casper,20237,Denver,CPR,11122,,,,,,,,,,,,,,,
Denver,20237,Missoula,DEN,11292,,,,,,,,,,,,,,,
Denver,20237,Casper,DEN,11292,,,,,,,,,,,,,,,
Denver,20237,St. Louis,DEN,11292,,,,,,,,,,,,,,,
Denver,20237,Williston,DEN,11292,,,,,,,,,,,,,,,
Williston,20237,Denver,ISN,12389,,,,,,,,,,,,,,,
Denver,20237,Santa Fe,DEN,11292,,,,,,,,,,,,,,,
Santa Fe,20237,Denver,SAF,14674,,,,,,,,,,,,,,,
Grand Junction,20237,Denver,GJT,11921,,,,,,,,,,,,,,,
Denver,20237,Grand Junction,DEN,11292,,,,,,,,,,,,,,,
Denver,20237,Rapid City,DEN,11292,,,,,,,,,,,,,,,
Bismarck/Mandan,20237,Denver,BIS,10627,,,,,,,,,,,,,,,
Denver,20237,Bismarck/Mandan,DEN,11292,,,,,,,,,,,,,,,
Rapid City,20237,Denver,RAP,14457,,,,,,,,,,,,,,,
Albuquerque,20263,Durango,ABQ,10140,,,,,,,,,,,,,,,
Farmington,20263,Durango,FMN,11711,,,,,,,,,,,,,,,
Durango,20263,Albuquerque,DRO,11413,,,,,,,,,,,,,,,
Cody,20304,Denver,COD,11097,,,,,,,,,,,,,,,
Colorado Springs,20304,Little Rock,COS,11109,,,,,,,,,,,,,,,
Colorado Springs,20304,Missoula,COS,11109,,,,,,,,,,,,,,,
Colorado Springs,20304,Tucson,COS,11109,,,,,,,,,,,,,,,
Casper,20304,Denver,CPR,11122,,,,,,,,,,,,,,,
Washington,20304,Colorado Springs,DCA,11278,,,,,,,,,,,,,,,
Denver,20304,Albuquerque,DEN,11292,,,,,,,,,,,,,,,
Denver,20304,Atlanta,DEN,11292,,,,,,,,,,,,,,,
Denver,20304,Austin,DEN,11292,,,,,,,,,,,,,,,
Denver,20304,Cedar Rapids/Iowa City,DEN,11292,,,,,,,,,,,,,,,
Denver,20304,Cody,DEN,11292,,,,,,,,,,,,,,,
Denver,20304,Casper,DEN,11292,,,,,,,,,,,,,,,
Denver,20304,Dallas/Fort Worth,DEN,11292,,,,,,,,,,,,,,,
Denver,20304,Grand Rapids,DEN,11292,,,,,,,,,,,,,,,
Denver,20304,Houston,DEN,11292,,,,,,,,,,,,,,,
Denver,20304,Jackson,DEN,11292,,,,,,,,,,,,,,,
Denver,20304,Little Rock,DEN,11292,,,,,,,,,,,,,,,
Denver,20304,Medford,DEN,11292,,,,,,,,,,,,,,,
Denver,20304,Omaha,DEN,11292,,,,,,,,,,,,,,,
Denver,20304,Chicago,DEN,11292,,,,,,,,,,,,,,,
Denver,20304,Bend/Redmond,DEN,11292,,,,,,,,,,,,,,,
Denver,20304,San Diego,DEN,11292,,,,,,,,,,,,,,,
Denver,20304,Louisville,DEN,11292,,,,,,,,,,,,,,,
Denver,20304,San Francisco,DEN,11292,,,,,,,,,,,,,,,
Denver,20304,Santa Ana,DEN,11292,,,,,,,,,,,,,,,
Denver,20304,Sun Valley/Hailey/Ketchum,DEN,11292,,,,,,,,,,,,,,,
Dallas/Fort Worth,20304,Colorado Springs,DFW,11298,,,,,,,,,,,,,,,
Grand Junction,20304,Los Angeles,GJT,11921,,,,,,,,,,,,,,,
Houston,20304,Denver,IAH,12266,,,,,,,,,,,,,,,
Jackson,20304,Denver,JAC,12441,,,,,,,,,,,,,,,
Laramie,20304,Denver,LAR,12888,,,,,,,,,,,,,,,
Los Angeles,20304,Denver,LAX,12892,,,,,,,,,,,,,,,
Little Rock,20304,Denver,LIT,12992,,,,,,,,,,,,,,,
Medford,20304,Denver,MFR,13264,,,,,,,,,,,,,,,
Missoula,20304,Colorado Springs,MSO,13486,,,,,,,,,,,,,,,
Chicago,20304,Denver,ORD,13930,,,,,,,,,,,,,,,
Portland,20304,Denver,PDX,14057,,,,,,,,,,,,,,,
Pasco/Kennewick/Richland,20304,Grand Junction,PSC,14252,,,,,,,,,,,,,,,
San Diego,20304,Denver,SAN,14679,,,,,,,,,,,,,,,
San Antonio,20304,Denver,SAT,14683,,,,,,,,,,,,,,,
St. George,20304,Colorado Springs,SGU,14794,,,,,,,,,,,,,,,
Sacramento,20304,Denver,SMF,14893,,,,,,,,,,,,,,,
Santa Ana,20304,Denver,SNA,14908,,,,,,,,,,,,,,,
Colorado Springs,20304,Denver,COS,11109,,,,,,,,,,,,,,,
Denver,20304,Colorado Springs,DEN,11292,,,,,,,,,,,,,,,
Denver,20304,Grand Junction,DEN,11292,,,,,,,,,,,,,,,
Denver,20304,Great Falls,DEN,11292,,,,,,,,,,,,,,,
Denver,20304,Portland,DEN,11292,,,,,,,,,,,,,,,
Denver,20304,San Antonio,DEN,11292,,,,,,,,,,,,,,,
Fresno,20304,Colorado Springs,FAT,11638,,,,,,,,,,,,,,,
Grand Junction,20304,Aspen,GJT,11921,,,,,,,,,,,,,,,
Grand Junction,20304,Denver,GJT,11921,,,,,,,,,,,,,,,
Grand Junction,20304,Dallas/Fort Worth,GJT,11921,,,,,,,,,,,,,,,
Great Falls,20304,Denver,GTF,12003,,,,,,,,,,,,,,,
Chicago,20304,Grand Junction,ORD,13930,,,,,,,,,,,,,,,
Fayetteville,20304,Denver,XNA,15919,,,,,,,,,,,,,,,
Albuquerque,20304,Denver,ABQ,10140,,,,,,,,,,,,,,,
Amarillo,20304,Denver,AMA,10279,,,,,,,,,,,,,,,
Bozeman,20304,Denver,BZN,10849,,,,,,,,,,,,,,,
Denver,20304,Amarillo,DEN,11292,,,,,,,,,,,,,,,
Denver,20304,Bozeman,DEN,11292,,,,,,,,,,,,,,,
Denver,20304,Cincinnati,DEN,11292,,,,,,,,,,,,,,,
Denver,20304,Dayton,DEN,11292,,,,,,,,,,,,,,,
Denver,20304,Lubbock,DEN,11292,,,,,,,,,,,,,,,
Denver,20304,Montrose/Delta,DEN,11292,,,,,,,,,,,,,,,
Denver,20304,Ontario,DEN,11292,,,,,,,,,,,,,,,
Denver,20304,Phoenix,DEN,11292,,,,,,,,,,,,,,,
Denver,20304,Palm Springs,DEN,11292,,,,,,,,,,,,,,,
Denver,20304,Tulsa,DEN,11292,,,,,,,,,,,,,,,
Des Moines,20304,Denver,DSM,11423,,,,,,,,,,,,,,,
Los Angeles,20304,Grand Junction,LAX,12892,,,,,,,,,,,,,,,
Lubbock,20304,Denver,LBB,12896,,,,,,,,,,,,,,,
Montrose/Delta,20304,Denver,MTJ,13502,,,,,,,,,,,,,,,
Ontario,20304,Denver,ONT,13891,,,,,,,,,,,,,,,
Phoenix,20304,Denver,PHX,14107,,,,,,,,,,,,,,,
Rapid City,20304,Denver,RAP,14457,,,,,,,,,,,,,,,
Denver,20304,Spokane,DEN,11292,,,,,,,,,,,,,,,
Denver,20304,Missoula,DEN,11292,,,,,,,,,,,,,,,
Denver,20304,Minneapolis,DEN,11292,,,,,,,,,,,,,,,
Denver,20304,Springfield,DEN,11292,,,,,,,,,,,,,,,
Durango,20304,Los Angeles,DRO,11413,,,,,,,,,,,,,,,
Spokane,20304,Denver,GEG,11884,,,,,,,,,,,,,,,
Los Angeles,20304,Durango,LAX,12892,,,,,,,,,,,,,,,
Kansas City,20304,Denver,MCI,13198,,,,,,,,,,,,,,,
Missoula,20304,Denver,MSO,13486,,,,,,,,,,,,,,,
Minneapolis,20304,Denver,MSP,13487,,,,,,,,,,,,,,,
Omaha,20304,Denver,OMA,13871,,,,,,,,,,,,,,,
Springfield,20304,Denver,SGF,14783,,,,,,,,,,,,,,,
Billings,20304,Denver,BIL,10620,,,,,,,,,,,,,,,
Denver,20304,Billings,DEN,11292,,,,,,,,,,,,,,,
Denver,20304,Cleveland,DEN,11292,,,,,,,,,,,,,,,
Denver,20304,Durango,DEN,11292,,,,,,,,,,,,,,,
Denver,20304,Kalispell,DEN,11292,,,,,,,,,,,,,,,
Denver,20304,Wichita,DEN,11292,,,,,,,,,,,,,,,
Denver,20304,Kansas City,DEN,11292,,,,,,,,,,,,,,,
Denver,20304,Memphis,DEN,11292,,,,,,,,,,,,,,,
Denver,20304,Minot,DEN,11292,,,,,,,,,,,,,,,
Denver,20304,Santa Barbara,DEN,11292,,,,,,,,,,,,,,,
Durango,20304,Denver,DRO,11413,,,,,,,,,,,,,,,
Memphis,20304,Denver,MEM,13244,,,,,,,,,,,,,,,
Palm Springs,20304,Denver,PSP,14262,,,,,,,,,,,,,,,
Salt Lake City,20304,Denver,SLC,14869,,,,,,,,,,,,,,,
Atlanta,20304,Denver,ATL,10397,,,,,,,,,,,,,,,
Cleveland,20304,Denver,CLE,11042,,,,,,,,,,,,,,,
Colorado Springs,20304,Los Angeles,COS,11109,,,,,,,,,,,,,,,
Denver,20304,Charlotte,DEN,11292,,,,,,,,,,,,,,,
Denver,20304,North Bend/Coos Bay,DEN,11292,,,,,,,,,,,,,,,
Kalispell,20304,Denver,FCA,11648,,,,,,,,,,,,,,,
Wichita,20304,Denver,ICT,12278,,,,,,,,,,,,,,,
Minot,20304,Denver,MOT,13433,,,,,,,,,,,,,,,
North Bend/Coos Bay,20304,Denver,OTH,13964,,,,,,,,,,,,,,,
Bend/Redmond,20304,Denver,RDM,14489,,,,,,,,,,,,,,,
Santa Barbara,20304,Denver,SBA,14689,,,,,,,,,,,,,,,
Tulsa,20304,Denver,TUL,15370,,,,,,,,,,,,,,,
Tucson,20304,Denver,TUS,15376,,,,,,,,,,,,,,,
Austin,20304,Denver,AUS,10423,,,,,,,,,,,,,,,
Bakersfield,20304,Denver,BFL,10561,,,,,,,,,,,,,,,
Charlotte,20304,Denver,CLT,11057,,,,,,,,,,,,,,,
Denver,20304,Richmond,DEN,11292,,,,,,,,,,,,,,,
Richmond,20304,Denver,RIC,14524,,,,,,,,,,,,,,,
Cincinnati,20304,Denver,CVG,11193,,,,,,,,,,,,,,,
Denver,20304,Tucson,DEN,11292,,,,,,,,,,,,,,,
Oklahoma City,20304,Denver,OKC,13851,,,,,,,,,,,,,,,
Denver,20304,Oklahoma City,DEN,11292,,,,,,,,,,,,,,,
Columbus,20304,Denver,CMH,11066,,,,,,,,,,,,,,,
Denver,20304,Burbank,DEN,11292,,,,,,,,,,,,,,,
Denver,20304,Columbus,DEN,11292,,,,,,,,,,,,,,,
St. Louis,20304,Denver,STL,15016,,,,,,,,,,,,,,,
Denver,20304,Eugene,DEN,11292,,,,,,,,,,,,,,,
Denver,20304,Salt Lake City,DEN,11292,,,,,,,,,,,,,,,
Moline,20304,Denver,MLI,13367,,,,,,,,,,,,,,,
Cedar Rapids/Iowa City,20304,Denver,CID,11003,,,,,,,,,,,,,,,
Colorado Springs,20304,Seattle,COS,11109,,,,,,,,,,,,,,,
Eugene,20304,Denver,EUG,11603,,,,,,,,,,,,,,,
Seattle,20304,Colorado Springs,SEA,14747,,,,,,,,,,,,,,,
Denver,20304,Moline,DEN,11292,,,,,,,,,,,,,,,
El Paso,20304,Denver,ELP,11540,,,,,,,,,,,,,,,
Denver,20304,El Paso,DEN,11292,,,,,,,,,,,,,,,
Denver,20304,Fayetteville,DEN,11292,,,,,,,,,,,,,,,
Aspen,20304,Salt Lake City,ASE,10372,,,,,,,,,,,,,,,
Dayton,20304,Denver,DAY,11267,,,,,,,,,,,,,,,
Dallas/Fort Worth,20304,Denver,DFW,11298,,,,,,,,,,,,,,,
Fresno,20304,Denver,FAT,11638,,,,,,,,,,,,,,,
Boise,20304,Denver,BOI,10713,,,,,,,,,,,,,,,
Denver,20304,St. Louis,DEN,11292,,,,,,,,,,,,,,,
Salt Lake City,20304,Aspen,SLC,14869,,,,,,,,,,,,,,,
Aspen,20304,San Francisco,ASE,10372,,,,,,,,,,,,,,,
Devils Lake,20304,Denver,DVL,11447,,,,,,,,,,,,,,,
Lincoln,20304,Denver,LNK,13029,,,,,,,,,,,,,,,
Burbank,20304,Denver,BUR,10800,,,,,,,,,,,,,,,
Denver,20304,Fresno,DEN,11292,,,,,,,,,,,,,,,
Sioux Falls,20304,Denver,FSD,11775,,,,,,,,,,,,,,,
San Luis Obispo,20304,Denver,SBP,14698,,,,,,,,,,,,,,,
San Francisco,20304,Aspen,SFO,14771,,,,,,,,,,,,,,,
Denver,20304,San Luis Obispo,DEN,11292,,,,,,,,,,,,,,,
Houston,20304,Aspen,IAH,12266,,,,,,,,,,,,,,,
Aspen,20304,Houston,ASE,10372,,,,,,,,,,,,,,,
Nashville,20304,Denver,BNA,10693,,,,,,,,,,,,,,,
Denver,20304,Birmingham,DEN,11292,,,,,,,,,,,,,,,
Denver,20304,Sioux Falls,DEN,11292,,,,,,,,,,,,,,,
Denver,20304,Shreveport,DEN,11292,,,,,,,,,,,,,,,
Williston,20304,Denver,ISN,12389,,,,,,,,,,,,,,,
Shreveport,20304,Denver,SHV,14814,,,,,,,,,,,,,,,
Denver,20304,Nashville,DEN,11292,,,,,,,,,,,,,,,
Denver,20304,Williston,DEN,11292,,,,,,,,,,,,,,,
Denver,20304,Lincoln,DEN,11292,,,,,,,,,,,,,,,
Los Angeles,20304,Colorado Springs,LAX,12892,,,,,,,,,,,,,,,
Birmingham,20304,Denver,BHM,10599,,,,,,,,,,,,,,,
Colorado Springs,20304,Chicago,COS,11109,,,,,,,,,,,,,,,
Aspen,20304,Dallas/Fort Worth,ASE,10372,,,,,,,,,,,,,,,
Dallas/Fort Worth,20304,Aspen,DFW,11298,,,,,,,,,,,,,,,
Colorado Springs,20304,Houston,COS,11109,,,,,,,,,,,,,,,
Denver,20304,Boise,DEN,11292,,,,,,,,,,,,,,,
Denver,20304,Helena,DEN,11292,,,,,,,,,,,,,,,
Helena,20304,Denver,HLN,12156,,,,,,,,,,,,,,,
Houston,20304,Colorado Springs,IAH,12266,,,,,,,,,,,,,,,
Jamestown,20304,Denver,JMS,12519,,,,,,,,,,,,,,,
Chicago,20304,Colorado Springs,ORD,13930,,,,,,,,,,,,,,,
Denver,20304,Rapid City,DEN,11292,,,,,,,,,,,,,,,
Grand Rapids,20304,Denver,GRR,11986,,,,,,,,,,,,,,,
Denver,20304,Midland/Odessa,DEN,11292,,,,,,,,,,,,,,,
Midland/Odessa,20304,Denver,MAF,13158,,,,,,,,,,,,,,,
Bismarck/Mandan,20304,Denver,BIS,10627,,,,,,,,,,,,,,,
Denver,20304,Bismarck/Mandan,DEN,11292,,,,,,,,,,,,,,,
Denver,20304,Des Moines,DEN,11292,,,,,,,,,,,,,,,
Denver,20304,San Jose,DEN,11292,,,,,,,,,,,,,,,
San Jose,20304,Denver,SJC,14831,,,,,,,,,,,,,,,
Chicago,20304,Aspen,ORD,13930,,,,,,,,,,,,,,,
Aspen,20304,Chicago,ASE,10372,,,,,,,,,,,,,,,
Denver,20304,Hays,DEN,11292,,,,,,,,,,,,,,,
Denver,20304,Jamestown,DEN,11292,,,,,,,,,,,,,,,
Denver,20304,Laramie,DEN,11292,,,,,,,,,,,,,,,
Hays,20304,Denver,HYS,12255,,,,,,,,,,,,,,,
Denver,20304,Sacramento,DEN,11292,,,,,,,,,,,,,,,
Denver,20304,Bakersfield,DEN,11292,,,,,,,,,,,,,,,
Denver,20304,Gillette,DEN,11292,,,,,,,,,,,,,,,
Denver,20304,Rock Springs,DEN,11292,,,,,,,,,,,,,,,
Gillette,20304,Denver,GCC,11865,,,,,,,,,,,,,,,
Rock Springs,20304,Denver,RKS,14543,,,,,,,,,,,,,,,
Salt Lake City,20304,Colorado Springs,SLC,14869,,,,,,,,,,,,,,,
Colorado Springs,20304,Salt Lake City,COS,11109,,,,,,,,,,,,,,,
Los Angeles,20304,Aspen,LAX,12892,,,,,,,,,,,,,,,
Pasco/Kennewick/Richland,20304,Denver,PSC,14252,,,,,,,,,,,,,,,
St. George,20304,Denver,SGU,14794,,,,,,,,,,,,,,,
Aspen,20304,Los Angeles,ASE,10372,,,,,,,,,,,,,,,
Denver,20304,Pasco/Kennewick/Richland,DEN,11292,,,,,,,,,,,,,,,
Denver,20304,St. George,DEN,11292,,,,,,,,,,,,,,,
Durango,20304,Phoenix,DRO,11413,,,,,,,,,,,,,,,
Grand Junction,20304,Phoenix,GJT,11921,,,,,,,,,,,,,,,
Phoenix,20304,Durango,PHX,14107,,,,,,,,,,,,,,,
Phoenix,20304,Grand Junction,PHX,14107,,,,,,,,,,,,,,,
Fargo,20304,Denver,FAR,11637,,,,,,,,,,,,,,,
Denver,20304,Fargo,DEN,11292,,,,,,,,,,,,,,,
Grand Junction,20304,Salt Lake City,GJT,11921,,,,,,,,,,,,,,,
Salt Lake City,20304,Grand Junction,SLC,14869,,,,,,,,,,,,,,,
Idaho Falls,20304,Denver,IDA,12280,,,,,,,,,,,,,,,
Denver,20304,Idaho Falls,DEN,11292,,,,,,,,,,,,,,,
Seattle,20304,Denver,SEA,14747,,,,,,,,,,,,,,,
Denver,20304,Seattle,DEN,11292,,,,,,,,,,,,,,,
Denver,20304,Los Angeles,DEN,11292,,,,,,,,,,,,,,,
Aspen,20304,Denver,ASE,10372,,,,,,,,,,,,,,,
Denver,20304,Aspen,DEN,11292,,,,,,,,,,,,,,,
Denver,20354,Dickinson,DEN,11292,,,,,,,,,,,,,,,
Denver,20354,Williston,DEN,11292,,,,,,,,,,,,,,,
Dickinson,20354,Denver,DIK,11315,,,,,,,,,,,,,,,
Eagle,20354,St. Louis,EGE,11503,,,,,,,,,,,,,,,
St. Louis,20354,Eagle,STL,15016,,,,,,,,,,,,,,,
CONCORD,20354,Eagle,USA,12544,,,,,,,,,,,,,,,
Scottsbluff,20354,Denver,BFF,10558,,,,,,,,,,,,,,,
Denver,20354,Watertown,DEN,11292,,,,,,,,,,,,,,,
Williston,20354,Denver,ISN,12389,,,,,,,,,,,,,,,
Denver,20354,Pierre,DEN,11292,,,,,,,,,,,,,,,
Pierre,20354,Denver,PIR,14120,,,,,,,,,,,,,,,
Denver,20358,Page,DEN,11292,,,,,,,,,,,,,,,
Pueblo,20358,Farmington,PUB,14288,,,,,,,,,,,,,,,
Denver,20358,Salina,DEN,11292,,,,,,,,,,,,,,,
Salina,20358,Denver,SLN,14877,,,,,,,,,,,,,,,
Cheyenne,20358,Denver,CYS,11233,,,,,,,,,,,,,,,
Denver,20358,Cheyenne,DEN,11292,,,,,,,,,,,,,,,
Denver,20358,Telluride,DEN,11292,,,,,,,,,,,,,,,
Telluride,20358,Denver,TEX,15177,,,,,,,,,,,,,,,
Denver,20358,Riverton/Lander,DEN,11292,,,,,,,,,,,,,,,
Riverton/Lander,20358,Denver,RIW,14534,,,,,,,,,,,,,,,
Farmington,20358,Denver,FMN,11711,,,,,,,,,,,,,,,
Denver,20358,Farmington,DEN,11292,,,,,,,,,,,,,,,
Denver,20358,Pueblo,DEN,11292,,,,,,,,,,,,,,,
Pueblo,20358,Denver,PUB,14288,,,,,,,,,,,,,,,
Cincinnati,20363,Denver,CVG,11193,,,,,,,,,,,,,,,
Denver,20363,Cincinnati,DEN,11292,,,,,,,,,,,,,,,
Colorado Springs,20366,St. Louis,COS,11109,,,,,,,,,,,,,,,
Denver,20366,Colorado Springs,DEN,11292,,,,,,,,,,,,,,,
Houston,20366,Denver,IAH,12266,,,,,,,,,,,,,,,
Houston,20366,Gunnison,IAH,12266,,,,,,,,,,,,,,,
Chicago,20366,Colorado Springs,ORD,13930,,,,,,,,,,,,,,,
Houston,20366,Montrose/Delta,IAH,12266,,,,,,,,,,,,,,,
Montrose/Delta,20366,Houston,MTJ,13502,,,,,,,,,,,,,,,
Colorado Springs,20366,Houston,COS,11109,,,,,,,,,,,,,,,
Colorado Springs,20366,Chicago,COS,11109,,,,,,,,,,,,,,,
Houston,20366,Colorado Springs,IAH,12266,,,,,,,,,,,,,,,
Colorado Springs,20368,Victorville,COS,11109,,,,,,,,,,,,,,,
Las Vegas,20368,Colorado Springs,LAS,12889,,,,,,,,,,,,,,,
Grand Junction,20368,Las Vegas,GJT,11921,,,,,,,,,,,,,,,
Las Vegas,20368,Grand Junction,LAS,12889,,,,,,,,,,,,,,,
Phoenix,20368,Colorado Springs,AZA,10466,,,,,,,,,,,,,,,
Colorado Springs,20368,Phoenix,COS,11109,,,,,,,,,,,,,,,
Colorado Springs,20368,Las Vegas,COS,11109,,,,,,,,,,,,,,,
Grand Junction,20368,Los Angeles,GJT,11921,,,,,,,,,,,,,,,
Los Angeles,20368,Grand Junction,LAX,12892,,,,,,,,,,,,,,,
Cincinnati,20368,Denver,CVG,11193,,,,,,,,,,,,,,,
Denver,20368,Cincinnati,DEN,11292,,,,,,,,,,,,,,,
Denver,20372,Oakland,DEN,11292,,,,,,,,,,,,,,,
Chicago,20372,Denver,DPA,11376,,,,,,,,,,,,,,,
Denver,20377,Las Vegas,DEN,11292,,,,,,,,,,,,,,,
Montrose/Delta,20378,Lawton/Fort Sill,MTJ,13502,,,,,,,,,,,,,,,
Montrose/Delta,20378,Dallas/Fort Worth,MTJ,13502,,,,,,,,,,,,,,,
Dallas/Fort Worth,20378,Montrose/Delta,DFW,11298,,,,,,,,,,,,,,,
Montrose/Delta,20378,Phoenix,MTJ,13502,,,,,,,,,,,,,,,
Phoenix,20378,Montrose/Delta,PHX,14107,,,,,,,,,,,,,,,
Durango,20378,Dallas/Fort Worth,DRO,11413,,,,,,,,,,,,,,,
Dallas/Fort Worth,20378,Durango,DFW,11298,,,,,,,,,,,,,,,
Dallas/Fort Worth,20398,Montrose/Delta,DFW,11298,,,,,,,,,,,,,,,
Montrose/Delta,20398,Dallas/Fort Worth,MTJ,13502,,,,,,,,,,,,,,,
Montrose/Delta,20398,Chicago,MTJ,13502,,,,,,,,,,,,,,,
Chicago,20398,Montrose/Delta,ORD,13930,,,,,,,,,,,,,,,
Dallas/Fort Worth,20398,Grand Junction,DFW,11298,,,,,,,,,,,,,,,
Grand Junction,20398,Dallas/Fort Worth,GJT,11921,,,,,,,,,,,,,,,
Hartford,20402,Denver,BDL,10529,,,,,,,,,,,,,,,
Colorado Springs,20402,Detroit,COS,11109,,,,,,,,,,,,,,,
Oakland,20402,Colorado Springs,OAK,13796,,,,,,,,,,,,,,,
Long Beach,20409,Denver,LGB,12954,,,,,,,,,,,,,,,
Denver,20409,New York,DEN,11292,,,,,,,,,,,,,,,
New York,20409,Denver,JFK,12478,,,,,,,,,,,,,,,
Boston,20409,Denver,BOS,10721,,,,,,,,,,,,,,,
Denver,20409,Boston,DEN,11292,,,,,,,,,,,,,,,
Denver,20416,Detroit,DEN,11292,,,,,,,,,,,,,,,
Houston,20416,Denver,IAH,12266,,,,,,,,,,,,,,,
Denver,20416,Fort Lauderdale,DEN,11292,,,,,,,,,,,,,,,
Fort Lauderdale,20416,Denver,FLL,11697,,,,,,,,,,,,,,,
Denver,20416,Houston,DEN,11292,,,,,,,,,,,,,,,
Denver,20416,Los Angeles,DEN,11292,,,,,,,,,,,,,,,
Denver,20416,San Diego,DEN,11292,,,,,,,,,,,,,,,
Dallas/Fort Worth,20416,Denver,DFW,11298,,,,,,,,,,,,,,,
Detroit,20416,Denver,DTW,11433,,,,,,,,,,,,,,,
Los Angeles,20416,Denver,LAX,12892,,,,,,,,,,,,,,,
Minneapolis,20416,Denver,MSP,13487,,,,,,,,,,,,,,,
San Diego,20416,Denver,SAN,14679,,,,,,,,,,,,,,,
Denver,20416,Dallas/Fort Worth,DEN,11292,,,,,,,,,,,,,,,
Denver,20416,Minneapolis,DEN,11292,,,,,,,,,,,,,,,
Denver,20416,Chicago,DEN,11292,,,,,,,,,,,,,,,
Denver,20416,Las Vegas,DEN,11292,,,,,,,,,,,,,,,
Chicago,20416,Denver,ORD,13930,,,,,,,,,,,,,,,
Las Vegas,20416,Denver,LAS,12889,,,,,,,,,,,,,,,
Denver,20422,Bullhead City,DEN,11292,,,,,,,,,,,,,,,
Fort Collins/Loveland,20422,Bullhead City,FNL,11719,,,,,,,,,,,,,,,
Bullhead City,20422,Denver,IFP,10590,,,,,,,,,,,,,,,
Bullhead City,20422,Fort Collins/Loveland,IFP,10590,,,,,,,,,,,,,,,
Bullhead City,20422,Montrose/Delta,IFP,10590,,,,,,,,,,,,,,,
Bullhead City,20422,Pueblo,IFP,10590,,,,,,,,,,,,,,,
Montrose/Delta,20422,Bullhead City,MTJ,13502,,,,,,,,,,,,,,,
Pueblo,20422,Bullhead City,PUB,14288,,,,,,,,,,,,,,,
Denver,20422,Minneapolis,DEN,11292,,,,,,,,,,,,,,,
Minneapolis,20422,Denver,MSP,13487,,,,,,,,,,,,,,,
Cincinnati,20436,Denver,CVG,11193,,,,,,,,,,,,,,,
Denver,20436,Columbus,DEN,11292,,,,,,,,,,,,,,,
Denver,20436,Detroit,DEN,11292,,,,,,,,,,,,,,,
Denver,20436,Houston,DEN,11292,,,,,,,,,,,,,,,
Denver,20436,Indianapolis,DEN,11292,,,,,,,,,,,,,,,
Denver,20436,Orlando,DEN,11292,,,,,,,,,,,,,,,
Denver,20436,Missoula,DEN,11292,,,,,,,,,,,,,,,
Denver,20436,Chicago,DEN,11292,,,,,,,,,,,,,,,
Denver,20436,Phoenix,DEN,11292,,,,,,,,,,,,,,,
Denver,20436,St. Louis,DEN,11292,,,,,,,,,,,,,,,
Denver,20436,Knoxville,DEN,11292,,,,,,,,,,,,,,,
Detroit,20436,Denver,DTW,11433,,,,,,,,,,,,,,,
Washington,20436,Denver,IAD,12264,,,,,,,,,,,,,,,
Houston,20436,Denver,IAH,12266,,,,,,,,,,,,,,,
Indianapolis,20436,Denver,IND,12339,,,,,,,,,,,,,,,
Orlando,20436,Denver,MCO,13204,,,,,,,,,,,,,,,
Missoula,20436,Denver,MSO,13486,,,,,,,,,,,,,,,
Chicago,20436,Denver,ORD,13930,,,,,,,,,,,,,,,
Phoenix,20436,Denver,PHX,14107,,,,,,,,,,,,,,,
St. Louis,20436,Denver,STL,15016,,,,,,,,,,,,,,,
Tampa,20436,Denver,TPA,15304,,,,,,,,,,,,,,,
Knoxville,20436,Denver,TYS,15412,,,,,,,,,,,,,,,
Denver,20436,Madison,DEN,11292,,,,,,,,,,,,,,,
Denver,20436,Minneapolis,DEN,11292,,,,,,,,,,,,,,,
Denver,20436,Raleigh/Durham,DEN,11292,,,,,,,,,,,,,,,
Denver,20436,San Antonio,DEN,11292,,,,,,,,,,,,,,,
Madison,20436,Denver,MSN,13485,,,,,,,,,,,,,,,
Raleigh/Durham,20436,Denver,RDU,14492,,,,,,,,,,,,,,,
San Antonio,20436,Denver,SAT,14683,,,,,,,,,,,,,,,
Cedar Rapids/Iowa City,20436,Denver,CID,11003,,,,,,,,,,,,,,,
Denver,20436,Cedar Rapids/Iowa City,DEN,11292,,,,,,,,,,,,,,,
Minneapolis,20436,Denver,MSP,13487,,,,,,,,,,,,,,,
Denver,20436,Milwaukee,DEN,11292,,,,,,,,,,,,,,,
Denver,20436,Santa Ana,DEN,11292,,,,,,,,,,,,,,,
Milwaukee,20436,Denver,MKE,13342,,,,,,,,,,,,,,,
Santa Ana,20436,Denver,SNA,14908,,,,,,,,,,,,,,,
Colorado Springs,20436,San Francisco,COS,11109,,,,,,,,,,,,,,,
San Francisco,20436,Colorado Springs,SFO,14771,,,,,,,,,,,,,,,
Denver,20436,Washington,DEN,11292,,,,,,,,,,,,,,,
Washington,20436,Denver,DCA,11278,,,,,,,,,,,,,,,
Denver,20436,Des Moines,DEN,11292,,,,,,,,,,,,,,,
Des Moines,20436,Denver,DSM,11423,,,,,,,,,,,,,,,
Colorado Springs,20436,Los Angeles,COS,11109,,,,,,,,,,,,,,,
Los Angeles,20436,Colorado Springs,LAX,12892,,,,,,,,,,,,,,,
Bozeman,20436,Denver,BZN,10849,,,,,,,,,,,,,,,
Denver,20436,Bozeman,DEN,11292,,,,,,,,,,,,,,,
Denver,20436,Greensboro/High Point,DEN,11292,,,,,,,,,,,,,,,
Denver,20436,Seattle,DEN,11292,,,,,,,,,,,,,,,
Greensboro/High Point,20436,Denver,GSO,11995,,,,,,,,,,,,,,,
Seattle,20436,Denver,SEA,14747,,,,,,,,,,,,,,,
Nashville,20436,Denver,BNA,10693,,,,,,,,,,,,,,,
Denver,20436,Nashville,DEN,11292,,,,,,,,,,,,,,,
Denver,20436,Portland,DEN,11292,,,,,,,,,,,,,,,
Portland,20436,Denver,PDX,14057,,,,,,,,,,,,,,,
Colorado Springs,20436,Chicago,COS,11109,,,,,,,,,,,,,,,
Chicago,20436,Colorado Springs,ORD,13930,,,,,,,,,,,,,,,
Bismarck/Mandan,20436,Denver,BIS,10627,,,,,,,,,,,,,,,
Denver,20436,Bismarck/Mandan,DEN,11292,,,,,,,,,,,,,,,
Denver,20436,Sioux Falls,DEN,11292,,,,,,,,,,,,,,,
Sioux Falls,20436,Denver,FSD,11775,,,,,,,,,,,,,,,
Denver,20436,Salt Lake City,DEN,11292,,,,,,,,,,,,,,,
Las Vegas,20436,Colorado Springs,LAS,12889,,,,,,,,,,,,,,,
Salt Lake City,20436,Denver,SLC,14869,,,,,,,,,,,,,,,
Colorado Springs,20436,Las Vegas,COS,11109,,,,,,,,,,,,,,,
Denver,20436,Las Vegas,DEN,11292,,,,,,,,,,,,,,,
Las Vegas,20436,Denver,LAS,12889,,,,,,,,,,,,,,,
Atlanta,20436,Denver,ATL,10397,,,,,,,,,,,,,,,
Denver,20436,San Diego,DEN,11292,,,,,,,,,,,,,,,
San Diego,20436,Denver,SAN,14679,,,,,,,,,,,,,,,
Austin,20436,Denver,AUS,10423,,,,,,,,,,,,,,,
Cleveland,20436,Denver,CLE,11042,,,,,,,,,,,,,,,
Charlotte,20436,Denver,CLT,11057,,,,,,,,,,,,,,,
Columbus,20436,Denver,CMH,11066,,,,,,,,,,,,,,,
Colorado Springs,20436,Orlando,COS,11109,,,,,,,,,,,,,,,
Colorado Springs,20436,Phoenix,COS,11109,,,,,,,,,,,,,,,
Denver,20436,Atlanta,DEN,11292,,,,,,,,,,,,,,,
Denver,20436,Austin,DEN,11292,,,,,,,,,,,,,,,
Denver,20436,Cleveland,DEN,11292,,,,,,,,,,,,,,,
Denver,20436,Charlotte,DEN,11292,,,,,,,,,,,,,,,
Denver,20436,Dallas/Fort Worth,DEN,11292,,,,,,,,,,,,,,,
Denver,20436,New York,DEN,11292,,,,,,,,,,,,,,,
Denver,20436,Memphis,DEN,11292,,,,,,,,,,,,,,,
Denver,20436,Miami,DEN,11292,,,,,,,,,,,,,,,
Denver,20436,New Orleans,DEN,11292,,,,,,,,,,,,,,,
Denver,20436,Omaha,DEN,11292,,,,,,,,,,,,,,,
Denver,20436,Philadelphia,DEN,11292,,,,,,,,,,,,,,,
Denver,20436,Pittsburgh,DEN,11292,,,,,,,,,,,,,,,
Denver,20436,Tampa,DEN,11292,,,,,,,,,,,,,,,
Dallas/Fort Worth,20436,Denver,DFW,11298,,,,,,,,,,,,,,,
New York,20436,Denver,LGA,12953,,,,,,,,,,,,,,,
Orlando,20436,Colorado Springs,MCO,13204,,,,,,,,,,,,,,,
Memphis,20436,Denver,MEM,13244,,,,,,,,,,,,,,,
Miami,20436,Denver,MIA,13303,,,,,,,,,,,,,,,
New Orleans,20436,Denver,MSY,13495,,,,,,,,,,,,,,,
Omaha,20436,Denver,OMA,13871,,,,,,,,,,,,,,,
Philadelphia,20436,Denver,PHL,14100,,,,,,,,,,,,,,,
Phoenix,20436,Colorado Springs,PHX,14107,,,,,,,,,,,,,,,
Pittsburgh,20436,Denver,PIT,14122,,,,,,,,,,,,,,,
Denver,20436,Kansas City,DEN,11292,,,,,,,,,,,,,,,
Kansas City,20436,Denver,MCI,13198,,,,,,,,,,,,,,,
Los Angeles,20436,Denver,LAX,12892,,,,,,,,,,,,,,,
Denver,20436,Cincinnati,DEN,11292,,,,,,,,,,,,,,,
Denver,20436,Los Angeles,DEN,11292,,,,,,,,,,,,,,,
Denver,20436,San Francisco,DEN,11292,,,,,,,,,,,,,,,
San Francisco,20436,Denver,SFO,14771,,,,,,,,,,,,,,,
Gadsden,20447,Pueblo,GAD,11840,,,,,,,,,,,,,,,
Pueblo,20447,Oakland,PUB,14288,,,,,,,,,,,,,,,
Atlanta,20452,Denver,ATL,10397,,,,,,,,,,,,,,,
Colorado Springs,20452,Denver,COS,11109,,,,,,,,,,,,,,,
Denver,20452,Cleveland,DEN,11292,,,,,,,,,,,,,,,
Denver,20452,Colorado Springs,DEN,11292,,,,,,,,,,,,,,,
Denver,20452,Des Moines,DEN,11292,,,,,,,,,,,,,,,
Denver,20452,Wichita,DEN,11292,,,,,,,,,,,,,,,
Denver,20452,Omaha,DEN,11292,,,,,,,,,,,,,,,
Denver,20452,Salt Lake City,DEN,11292,,,,,,,,,,,,,,,
Wichita,20452,Denver,ICT,12278,,,,,,,,,,,,,,,
Louisville,20452,Denver,SDF,14730,,,,,,,,,,,,,,,
Tulsa,20452,Denver,TUL,15370,,,,,,,,,,,,,,,
Columbus,20452,Denver,CMH,11066,,,,,,,,,,,,,,,
Denver,20452,Birmingham,DEN,11292,,,,,,,,,,,,,,,
Denver,20452,Columbus,DEN,11292,,,,,,,,,,,,,,,
Denver,20452,Minneapolis,DEN,11292,,,,,,,,,,,,,,,
Denver,20452,Tulsa,DEN,11292,,,,,,,,,,,,,,,
Oklahoma City,20452,Denver,OKC,13851,,,,,,,,,,,,,,,
Albuquerque,20452,Denver,ABQ,10140,,,,,,,,,,,,,,,
Birmingham,20452,Denver,BHM,10599,,,,,,,,,,,,,,,
Cleveland,20452,Denver,CLE,11042,,,,,,,,,,,,,,,
Denver,20452,Albuquerque,DEN,11292,,,,,,,,,,,,,,,
Denver,20452,Nashville,DEN,11292,,,,,,,,,,,,,,,
Denver,20452,El Paso,DEN,11292,,,,,,,,,,,,,,,
Denver,20452,Memphis,DEN,11292,,,,,,,,,,,,,,,
Denver,20452,Oklahoma City,DEN,11292,,,,,,,,,,,,,,,
Denver,20452,Fayetteville,DEN,11292,,,,,,,,,,,,,,,
Dallas/Fort Worth,20452,Denver,DFW,11298,,,,,,,,,,,,,,,
Des Moines,20452,Denver,DSM,11423,,,,,,,,,,,,,,,
Memphis,20452,Denver,MEM,13244,,,,,,,,,,,,,,,
Minneapolis,20452,Denver,MSP,13487,,,,,,,,,,,,,,,
New Orleans,20452,Denver,MSY,13495,,,,,,,,,,,,,,,
Omaha,20452,Denver,OMA,13871,,,,,,,,,,,,,,,
San Antonio,20452,Denver,SAT,14683,,,,,,,,,,,,,,,
Fayetteville,20452,Denver,XNA,15919,,,,,,,,,,,,,,,
Denver,20452,Indianapolis,DEN,11292,,,,,,,,,,,,,,,
Denver,20452,San Antonio,DEN,11292,,,,,,,,,,,,,,,
El Paso,20452,Denver,ELP,11540,,,,,,,,,,,,,,,
Salt Lake City,20452,Denver,SLC,14869,,,,,,,,,,,,,,,
St. Louis,20452,Denver,STL,15016,,,,,,,,,,,,,,,
Denver,20452,Atlanta,DEN,11292,,,,,,,,,,,,,,,
Denver,20452,Dallas/Fort Worth,DEN,11292,,,,,,,,,,,,,,,
Denver,20452,Louisville,DEN,11292,,,,,,,,,,,,,,,
Nashville,20452,Denver,BNA,10693,,,,,,,,,,,,,,,
Houston,20452,Colorado Springs,IAH,12266,,,,,,,,,,,,,,,
Kansas City,20452,Denver,MCI,13198,,,,,,,,,,,,,,,
Denver,20452,Kansas City,DEN,11292,,,,,,,,,,,,,,,
Midland/Odessa,20452,Denver,MAF,13158,,,,,,,,,,,,,,,
Austin,20452,Denver,AUS,10423,,,,,,,,,,,,,,,
Denver,20452,Midland/Odessa,DEN,11292,,,,,,,,,,,,,,,
Denver,20452,Austin,DEN,11292,,,,,,,,,,,,,,,
Indianapolis,20452,Denver,IND,12339,,,,,,,,,,,,,,,
Colorado Springs,20452,Houston,COS,11109,,,,,,,,,,,,,,,
Denver,20500,Tulsa,DEN,11292,,,,,,,,,,,,,,,
Grand Rapids,20500,Denver,GRR,11986,,,,,,,,,,,,,,,
Denver,20500,Grand Rapids,DEN,11292,,,,,,,,,,,,,,,
Des Moines,20500,Denver,DSM,11423,,,,,,,,,,,,,,,
Bozeman,20500,Denver,BZN,10849,,,,,,,,,,,,,,,
Denver,20500,Bozeman,DEN,11292,,,,,,,,,,,,,,,
Denver,20500,Minneapolis,DEN,11292,,,,,,,,,,,,,,,
Denver,20500,Louisville,DEN,11292,,,,,,,,,,,,,,,
Moline,20500,Denver,MLI,13367,,,,,,,,,,,,,,,
Louisville,20500,Denver,SDF,14730,,,,,,,,,,,,,,,
Albuquerque,20500,Denver,ABQ,10140,,,,,,,,,,,,,,,
Denver,20500,Albuquerque,DEN,11292,,,,,,,,,,,,,,,
Denver,20500,Dallas/Fort Worth,DEN,11292,,,,,,,,,,,,,,,
Dallas/Fort Worth,20500,Denver,DFW,11298,,,,,,,,,,,,,,,
Denver,20500,Cedar Rapids/Iowa City,DEN,11292,,,,,,,,,,,,,,,
Denver,20500,Indianapolis,DEN,11292,,,,,,,,,,,,,,,
Indianapolis,20500,Denver,IND,12339,,,,,,,,,,,,,,,
Denver,20500,Memphis,DEN,11292,,,,,,,,,,,,,,,
Minneapolis,20500,Denver,MSP,13487,,,,,,,,,,,,,,,
Montrose/Delta,20500,Chicago,MTJ,13502,,,,,,,,,,,,,,,
Chicago,20500,Montrose/Delta,ORD,13930,,,,,,,,,,,,,,,
Denver,20500,Knoxville,DEN,11292,,,,,,,,,,,,,,,
Knoxville,20500,Denver,TYS,15412,,,,,,,,,,,,,,,
Denver,20500,Cleveland,DEN,11292,,,,,,,,,,,,,,,
Denver,20500,San Antonio,DEN,11292,,,,,,,,,,,,,,,
San Antonio,20500,Denver,SAT,14683,,,,,,,,,,,,,,,
Tulsa,20500,Denver,TUL,15370,,,,,,,,,,,,,,,
Atlanta,20500,Denver,ATL,10397,,,,,,,,,,,,,,,
Denver,20500,Moline,DEN,11292,,,,,,,,,,,,,,,
Denver,20500,New Orleans,DEN,11292,,,,,,,,,,,,,,,
Denver,20500,Wichita,DEN,11292,,,,,,,,,,,,,,,
Denver,20500,Cincinnati,DEN,11292,,,,,,,,,,,,,,,
Hayden,20500,Denver,HDN,12094,,,,,,,,,,,,,,,
Springfield,20500,Denver,SGF,14783,,,,,,,,,,,,,,,
Denver,20500,Hayden,DEN,11292,,,,,,,,,,,,,,,
Denver,20500,Omaha,DEN,11292,,,,,,,,,,,,,,,
Denver,20500,Rapid City,DEN,11292,,,,,,,,,,,,,,,
Denver,20500,Springfield,DEN,11292,,,,,,,,,,,,,,,
Wichita,20500,Denver,ICT,12278,,,,,,,,,,,,,,,
Cincinnati,20500,Denver,CVG,11193,,,,,,,,,,,,,,,
Memphis,20500,Denver,MEM,13244,,,,,,,,,,,,,,,
Oklahoma City,20500,Denver,OKC,13851,,,,,,,,,,,,,,,
Denver,20500,Kansas City,DEN,11292,,,,,,,,,,,,,,,
Denver,20500,Missoula,DEN,11292,,,,,,,,,,,,,,,
Omaha,20500,Denver,OMA,13871,,,,,,,,,,,,,,,
Denver,20500,Oklahoma City,DEN,11292,,,,,,,,,,,,,,,
Missoula,20500,Denver,MSO,13486,,,,,,,,,,,,,,,
Denver,20500,Eagle,DEN,11292,,,,,,,,,,,,,,,
Eagle,20500,Denver,EGE,11503,,,,,,,,,,,,,,,
Austin,20500,Denver,AUS,10423,,,,,,,,,,,,,,,
Dayton,20500,Denver,DAY,11267,,,,,,,,,,,,,,,
Rapid City,20500,Denver,RAP,14457,,,,,,,,,,,,,,,
Denver,20500,Atlanta,DEN,11292,,,,,,,,,,,,,,,
Denver,20500,St. Louis,DEN,11292,,,,,,,,,,,,,,,
Denver,20500,Austin,DEN,11292,,,,,,,,,,,,,,,
Denver,20500,Jackson,DEN,11292,,,,,,,,,,,,,,,
Jackson,20500,Denver,JAC,12441,,,,,,,,,,,,,,,
Denver,20500,Dayton,DEN,11292,,,,,,,,,,,,,,,
Denver,20500,Montrose/Delta,DEN,11292,,,,,,,,,,,,,,,
Montrose/Delta,20500,Denver,MTJ,13502,,,,,,,,,,,,,,,
Kansas City,20500,Denver,MCI,13198,,,,,,,,,,,,,,,
St. Louis,20500,Denver,STL,15016,,,,,,,,,,,,,,,
Denver,20500,Casper,DEN,11292,,,,,,,,,,,,,,,
Casper,20500,Denver,CPR,11122,,,,,,,,,,,,,,,
Durango,20500,Denver,DRO,11413,,,,,,,,,,,,,,,
Denver,20500,Durango,DEN,11292,,,,,,,,,,,,,,,
Des Moines,21080,Denver,DSM,11423,,,,,,,,,,,,,,,
Phoenix,21161,Denver,AZA,10466,,,,,,,,,,,,,,,
Brownsville,21161,Denver,BRO,10747,,,,,,,,,,,,,,,
Denver,21161,Oakland,DEN,11292,,,,,,,,,,,,,,,
Denver,21161,Pontiac,DEN,11292,,,,,,,,,,,,,,,
Denver,21161,Salt Lake City,DEN,11292,,,,,,,,,,,,,,,
Wendover,21161,Grand Junction,ENV,11563,,,,,,,,,,,,,,,
Grand Junction,21161,Wendover,GJT,11921,,,,,,,,,,,,,,,
Rochester,21161,Denver,ROC,14576,,,,,,,,,,,,,,,
Tulsa,21161,Denver,TUL,15370,,,,,,,,,,,,,,,
Grand Junction,21167,Los Angeles,GJT,11921,,,,,,,,,,,,,,,
Los Angeles,21167,Grand Junction,LAX,12892,,,,,,,,,,,,,,,
Denver,21171,San Francisco,DEN,11292,,,,,,,,,,,,,,,
San Francisco,21171,Denver,SFO,14771,,,,,,,,,,,,,,,
Aspen,21352,Burbank,ASE,10372,,,,,,,,,,,,,,,
Burbank,21352,Eagle,BUR,10800,,,,,,,,,,,,,,,
Eagle,21352,Burbank,EGE,11503,,,,,,,,,,,,,,,
Salt Lake City,21352,Aspen,SLC,14869,,,,,,,,,,,,,,,
Branson,21477,Denver,BKG,10643,,,,,,,,,,,,,,,
Denver,21477,Branson,DEN,11292,,,,,,,,,,,,,,,
Denver,21599,Denver,DEN,11292,,,,,,,,,,,,,,,
Cortez,21599,Phoenix,CEZ,10950,,,,,,,,,,,,,,,
Phoenix,21599,Cortez,PHX,14107,,,,,,,,,,,,,,,
Denver,21599,Cortez,DEN,11292,,,,,,,,,,,,,,,
Albuquerque,21599,Alamosa,ABQ,10140,,,,,,,,,,,,,,,
Alamosa,21599,Albuquerque,ALS,10272,,,,,,,,,,,,,,,
Cortez,21599,Denver,CEZ,10950,,,,,,,,,,,,,,,
Alliance,21599,Denver,AIA,10221,,,,,,,,,,,,,,,
Chadron,21599,Denver,CDR,10925,,,,,,,,,,,,,,,
Denver,21599,Alliance,DEN,11292,,,,,,,,,,,,,,,
Denver,21599,Chadron,DEN,11292,,,,,,,,,,,,,,,
Denver,21599,McCook,DEN,11292,,,,,,,,,,,,,,,
Denver,21599,Vernal,DEN,11292,,,,,,,,,,,,,,,
McCook,21599,Denver,MCK,13200,,,,,,,,,,,,,,,
Vernal,21599,Denver,VEL,15582,,,,,,,,,,,,,,,
Moab,21599,Denver,CNY,11092,,,,,,,,,,,,,,,
Denver,21599,Moab,DEN,11292,,,,,,,,,,,,,,,
Alamosa,21599,Denver,ALS,10272,,,,,,,,,,,,,,,
Denver,21599,Alamosa,DEN,11292,,,,,,,,,,,,,,,
Denver,21635,Milwaukee,DEN,11292,,,,,,,,,,,,,,,
Reno,21635,Denver,RNO,14570,,,,,,,,,,,,,,,
Denver,21652,Austin,APA,10325,,,,,,,,,,,,,,,
Denver,21652,Chicago,APA,10325,,,,,,,,,,,,,,,
Denver,21652,San Jose,APA,10325,,,,,,,,,,,,,,,
Austin,21652,Denver,AUS,10423,,,,,,,,,,,,,,,
Columbus,21652,Denver,CMH,11066,,,,,,,,,,,,,,,
Sugar Land,21652,Aspen,SGR,14792,,,,,,,,,,,,,,,
,,,,,,,,,,,,,,,,,,,
,,,,,,,,,,,,,,,,,,,
,,,,,,,,,,,,,,,,,,,
,,,,,,,,,,,,,,,,,,,
,,,,,,,,,,,,,,,,,,,
,,,,,,,,,,,,,,,,,,,
,,,,,,,,,,,,,,,,,,,
,,,,,,,,,,,,,,,,,,,
,,,,,,,,,,,,,,,,,,,
,,,,,,,,,,,,,,,,,,,
,,,,,,,,,,,,,,,,,,,
,,,,,,,,,,,,,,,,,,,
,,,,,,,,,,,,,,,,,,,
,,,,,,,,,,,,,,,,,,,
,,,,,,,,,,,,,,,,,,,
,,,,,,,,,,,,,,,,,,,
,,,,,,,,,,,,,,,,,,,
,,,,,,,,,,,,,,,,,,,
,,,,,,,,,,,,,,,,,,,
,,,,,,,,,,,,,,,,,,,
,,,,,,,,,,,,,,,,,,,
,,,,,,,,,,,,,,,,,,,
,,,,,,,,,,,,,,,,,,,
,,,,,,,,,,,,,,,,,,,
,,,,,,,,,,,,,,,,,,,
,,,,,,,,,,,,,,,,,,,
,,,,,,,,,,,,,,,,,,,
,,,,,,,,,,,,,,,,,,,
,,,,,,,,,,,,,,,,,,,
,,,,,,,,,,,,,,,,,,,
,,,,,,,,,,,,,,,,,,,
,,,,,,,,,,,,,,,,,,,
,,,,,,,,,,,,,,,,,,,
,,,,,,,,,,,,,,,,,,,
,,,,,,,,,,,,,,,,,,,
,,,,,,,,,,,,,,,,,,,
,,,,,,,,,,,,,,,,,,,
,,,,,,,,,,,,,,,,,,,
,,,,,,,,,,,,,,,,,,,
,,,,,,,,,,,,,,,,,,,
,,,,,,,,,,,,,,,,,,,
,,,,,,,,,,,,,,,,,,,
,,,,,,,,,,,,,,,,,,,
,,,,,,,,,,,,,,,,,,,
,,,,,,,,,,,,,,,,,,,
,,,,,,,,,,,,,,,,,,,
,,,,,,,,,,,,,,,,,,,
,,,,,,,,,,,,,,,,,,,
,,,,,,,,,,,,,,,,,,,
,,,,,,,,,,,,,,,,,,,
,,,,,,,,,,,,,,,,,,,
,,,,,,,,,,,,,,,,,,,
,,,,,,,,,,,,,,,,,,,
,,,,,,,,,,,,,,,,,,,
,,,,,,,,,,,,,,,,,,,
,,,,,,,,,,,,,,,,,,,
,,,,,,,,,,,,,,,,,,,
,,,,,,,,,,,,,,,,,,,
,,,,,,,,,,,,,,,,,,,
,,,,,,,,,,,,,,,,,,,
,,,,,,,,,,,,,,,,,,,
,,,,,,,,,,,,,,,,,,,
,,,,,,,,,,,,,,,,,,,
,,,,,,,,,,,,,,,,,,,
,,,,,,,,,,,,,,,,,,,
,,,,,,,,,,,,,,,,,,,
,,,,,,,,,,,,,,,,,,,
,,,,,,,,,,,,,,,,,,,
,,,,,,,,,,,,,,,,,,,
,,,,,,,,,,,,,,,,,,,
,,,,,,,,,,,,,,,,,,,
,,,,,,,,,,,,,,,,,,,
,,,,,,,,,,,,,,,,,,,
,,,,,,,,,,,,,,,,,,,
,,,,,,,,,,,,,,,,,,,
,,,,,,,,,,,,,,,,,,,
,,,,,,,,,,,,,,,,,,,
,,,,,,,,,,,,,,,,,,,
,,,,,,,,,,,,,,,,,,,
,,,,,,,,,,,,,,,,,,,
,,,,,,,,,,,,,,,,,,,
,,,,,,,,,,,,,,,,,,,
,,,,,,,,,,,,,,,,,,,
,,,,,,,,,,,,,,,,,,,
,,,,,,,,,,,,,,,,,,,
,,,,,,,,,,,,,,,,,,,
,,,,,,,,,,,,,,,,,,,
,,,,,,,,,,,,,,,,,,,
,,,,,,,,,,,,,,,,,,,
,,,,,,,,,,,,,,,,,,,
,,,,,,,,,,,,,,,,,,,
,,,,,,,,,,,,,,,,,,,
,,,,,,,,,,,,,,,,,,,
,,,,,,,,,,,,,,,,,,,
,,,,,,,,,,,,,,,,,,,
,,,,,,,,,,,,,,,,,,,
,,,,,,,,,,,,,,,,,,,
,,,,,,,,,,,,,,,,,,,
,,,,,,,,,,,,,,,,,,,
,,,,,,,,,,,,,,,,,,,
,,,,,,,,,,,,,,,,,,,
,,,,,,,,,,,,,,,,,,,
,,,,,,,,,,,,,,,,,,,
,,,,,,,,,,,,,,,,,,,
,,,,,,,,,,,,,,,,,,,
,,,,,,,,,,,,,,,,,,,
,,,,,,,,,,,,,,,,,,,
,,,,,,,,,,,,,,,,,,,
,,,,,,,,,,,,,,,,,,,
,,,,,,,,,,,,,,,,,,,
,,,,,,,,,,,,,,,,,,,
,,,,,,,,,,,,,,,,,,,
,,,,,,,,,,,,,,,,,,,
,,,,,,,,,,,,,,,,,,,
,,,,,,,,,,,,,,,,,,,
,,,,,,,,,,,,,,,,,,,
,,,,,,,,,,,,,,,,,,,
,,,,,,,,,,,,,,,,,,,
,,,,,,,,,,,,,,,,,,,
,,,,,,,,,,,,,,,,,,,
,,,,,,,,,,,,,,,,,,,
,,,,,,,,,,,,,,,,,,,
,,,,,,,,,,,,,,,,,,,
,,,,,,,,,,,,,,,,,,,
,,,,,,,,,,,,,,,,,,,
,,,,,,,,,,,,,,,,,,,
,,,,,,,,,,,,,,,,,,,
,,,,,,,,,,,,,,,,,,,
,,,,,,,,,,,,,,,,,,,
,,,,,,,,,,,,,,,,,,,
,,,,,,,,,,,,,,,,,,,
,,,,,,,,,,,,,,,,,,,
,,,,,,,,,,,,,,,,,,,
,,,,,,,,,,,,,,,,,,,
,,,,,,,,,,,,,,,,,,,
,,,,,,,,,,,,,,,,,,,
,,,,,,,,,,,,,,,,,,,
,,,,,,,,,,,,,,,,,,,
,,,,,,,,,,,,,,,,,,,
,,,,,,,,,,,,,,,,,,,
,,,,,,,,,,,,,,,,,,,
,,,,,,,,,,,,,,,,,,,
,,,,,,,,,,,,,,,,,,,
,,,,,,,,,,,,,,,,,,,
,,,,,,,,,,,,,,,,,,,
,,,,,,,,,,,,,,,,,,,
,,,,,,,,,,,,,,,,,,,
,,,,,,,,,,,,,,,,,,,
,,,,,,,,,,,,,,,,,,,
,,,,,,,,,,,,,,,,,,,
,,,,,,,,,,,,,,,,,,,
,,,,,,,,,,,,,,,,,,,
,,,,,,,,,,,,,,,,,,,
,,,,,,,,,,,,,,,,,,,
,,,,,,,,,,,,,,,,,,,
,,,,,,,,,,,,,,,,,,,
,,,,,,,,,,,,,,,,,,,
,,,,,,,,,,,,,,,,,,,
,,,,,,,,,,,,,,,,,,,
,,,,,,,,,,,,,,,,,,,
,,,,,,,,,,,,,,,,,,,
,,,,,,,,,,,,,,,,,,,
,,,,,,,,,,,,,,,,,,,
,,,,,,,,,,,,,,,,,,,
,,,,,,,,,,,,,,,,,,,
,,,,,,,,,,,,,,,,,,,
,,,,,,,,,,,,,,,,,,,
,,,,,,,,,,,,,,,,,,,
,,,,,,,,,,,,,,,,,,,
,,,,,,,,,,,,,,,,,,,
,,,,,,,,,,,,,,,,,,,
,,,,,,,,,,,,,,,,,,,
,,,,,,,,,,,,,,,,,,,
,,,,,,,,,,,,,,,,,,,
,,,,,,,,,,,,,,,,,,,
,,,,,,,,,,,,,,,,,,,
,,,,,,,,,,,,,,,,,,,
,,,,,,,,,,,,,,,,,,,
,,,,,,,,,,,,,,,,,,,
,,,,,,,,,,,,,,,,,,,
,,,,,,,,,,,,,,,,,,,
,,,,,,,,,,,,,,,,,,,
,,,,,,,,,,,,,,,,,,,
,,,,,,,,,,,,,,,,,,,
,,,,,,,,,,,,,,,,,,,
,,,,,,,,,,,,,,,,,,,
,,,,,,,,,,,,,,,,,,,
,,,,,,,,,,,,,,,,,,,
,,,,,,,,,,,,,,,,,,,
,,,,,,,,,,,,,,,,,,,
,,,,,,,,,,,,,,,,,,,
,,,,,,,,,,,,,,,,,,,
,,,,,,,,,,,,,,,,,,,
,,,,,,,,,,,,,,,,,,,
,,,,,,,,,,,,,,,,,,,
,,,,,,,,,,,,,,,,,,,
,,,,,,,,,,,,,,,,,,,
,,,,,,,,,,,,,,,,,,,
,,,,,,,,,,,,,,,,,,,
,,,,,,,,,,,,,,,,,,,
,,,,,,,,,,,,,,,,,,,
,,,,,,,,,,,,,,,,,,,
,,,,,,,,,,,,,,,,,,,
,,,,,,,,,,,,,,,,,,,
,,,,,,,,,,,,,,,,,,,
,,,,,,,,,,,,,,,,,,,
,,,,,,,,,,,,,,,,,,,
,,,,,,,,,,,,,,,,,,,
,,,,,,,,,,,,,,,,,,,
,,,,,,,,,,,,,,,,,,,
,,,,,,,,,,,,,,,,,,,
,,,,,,,,,,,,,,,,,,,
,,,,,,,,,,,,,,,,,,,
,,,,,,,,,,,,,,,,,,,
,,,,,,,,,,,,,,,,,,,
,,,,,,,,,,,,,,,,,,,
,,,,,,,,,,,,,,,,,,,
,,,,,,,,,,,,,,,,,,,
,,,,,,,,,,,,,,,,,,,
,,,,,,,,,,,,,,,,,,,
,,,,,,,,,,,,,,,,,,,
,,,,,,,,,,,,,,,,,,,
,,,,,,,,,,,,,,,,,,,
,,,,,,,,,,,,,,,,,,,
,,,,,,,,,,,,,,,,,,,
,,,,,,,,,,,,,,,,,,,
,,,,,,,,,,,,,,,,,,,
,,,,,,,,,,,,,,,,,,,
,,,,,,,,,,,,,,,,,,,
,,,,,,,,,,,,,,,,,,,
,,,,,,,,,,,,,,,,,,,
,,,,,,,,,,,,,,,,,,,
,,,,,,,,,,,,,,,,,,,
,,,,,,,,,,,,,,,,,,,
,,,,,,,,,,,,,,,,,,,
,,,,,,,,,,,,,,,,,,,
,,,,,,,,,,,,,,,,,,,
,,,,,,,,,,,,,,,,,,,
,,,,,,,,,,,,,,,,,,,
,,,,,,,,,,,,,,,,,,,
,,,,,,,,,,,,,,,,,,,
,,,,,,,,,,,,,,,,,,,
,,,,,,,,,,,,,,,,,,,
,,,,,,,,,,,,,,,,,,,
,,,,,,,,,,,,,,,,,,,
,,,,,,,,,,,,,,,,,,,
,,,,,,,,,,,,,,,,,,,
,,,,,,,,,,,,,,,,,,,
,,,,,,,,,,,,,,,,,,,
,,,,,,,,,,,,,,,,,,,
,,,,,,,,,,,,,,,,,,,
,,,,,,,,,,,,,,,,,,,
,,,,,,,,,,,,,,,,,,,
,,,,,,,,,,,,,,,,,,,
,,,,,,,,,,,,,,,,,,,
,,,,,,,,,,,,,,,,,,,
,,,,,,,,,,,,,,,,,,,
,,,,,,,,,,,,,,,,,,,
,,,,,,,,,,,,,,,,,,,
,,,,,,,,,,,,,,,,,,,
,,,,,,,,,,,,,,,,,,,
,,,,,,,,,,,,,,,,,,,
,,,,,,,,,,,,,,,,,,,
,,,,,,,,,,,,,,,,,,,
,,,,,,,,,,,,,,,,,,,
,,,,,,,,,,,,,,,,,,,
,,,,,,,,,,,,,,,,,,,
,,,,,,,,,,,,,,,,,,,
,,,,,,,,,,,,,,,,,,,
,,,,,,,,,,,,,,,,,,,
,,,,,,,,,,,,,,,,,,,
,,,,,,,,,,,,,,,,,,,
,,,,,,,,,,,,,,,,,,,
,,,,,,,,,,,,,,,,,,,
,,,,,,,,,,,,,,,,,,,
,,,,,,,,,,,,,,,,,,,
,,,,,,,,,,,,,,,,,,,
,,,,,,,,,,,,,,,,,,,
,,,,,,,,,,,,,,,,,,,
,,,,,,,,,,,,,,,,,,,
,,,,,,,,,,,,,,,,,,,
,,,,,,,,,,,,,,,,,,,
,,,,,,,,,,,,,,,,,,,
,,,,,,,,,,,,,,,,,,,
,,,,,,,,,,,,,,,,,,,
,,,,,,,,,,,,,,,,,,,
,,,,,,,,,,,,,,,,,,,
,,,,,,,,,,,,,,,,,,,
,,,,,,,,,,,,,,,,,,,
,,,,,,,,,,,,,,,,,,,
,,,,,,,,,,,,,,,,,,,
,,,,,,,,,,,,,,,,,,,
,,,,,,,,,,,,,,,,,,,
,,,,,,,,,,,,,,,,,,,
,,,,,,,,,,,,,,,,,,,
,,,,,,,,,,,,,,,,,,,
,,,,,,,,,,,,,,,,,,,
,,,,,,,,,,,,,,,,,,,
,,,,,,,,,,,,,,,,,,,
,,,,,,,,,,,,,,,,,,,
,,,,,,,,,,,,,,,,,,,
,,,,,,,,,,,,,,,,,,,
,,,,,,,,,,,,,,,,,,,
,,,,,,,,,,,,,,,,,,,
,,,,,,,,,,,,,,,,,,,
,,,,,,,,,,,,,,,,,,,
,,,,,,,,,,,,,,,,,,,
,,,,,,,,,,,,,,,,,,,
,,,,,,,,,,,,,,,,,,,
,,,,,,,,,,,,,,,,,,,
,,,,,,,,,,,,,,,,,,,
,,,,,,,,,,,,,,,,,,,
,,,,,,,,,,,,,,,,,,,
,,,,,,,,,,,,,,,,,,,
,,,,,,,,,,,,,,,,,,,
,,,,,,,,,,,,,,,,,,,
,,,,,,,,,,,,,,,,,,,
,,,,,,,,,,,,,,,,,,,
,,,,,,,,,,,,,,,,,,,
,,,,,,,,,,,,,,,,,,,
,,,,,,,,,,,,,,,,,,,
,,,,,,,,,,,,,,,,,,,
,,,,,,,,,,,,,,,,,,,
,,,,,,,,,,,,,,,,,,,
,,,,,,,,,,,,,,,,,,,
,,,,,,,,,,,,,,,,,,,
,,,,,,,,,,,,,,,,,,,
,,,,,,,,,,,,,,,,,,,
,,,,,,,,,,,,,,,,,,,
,,,,,,,,,,,,,,,,,,,
,,,,,,,,,,,,,,,,,,,
,,,,,,,,,,,,,,,,,,,
,,,,,,,,,,,,,,,,,,,
,,,,,,,,,,,,,,,,,,,
,,,,,,,,,,,,,,,,,,,
,,,,,,,,,,,,,,,,,,,
,,,,,,,,,,,,,,,,,,,
,,,,,,,,,,,,,,,,,,,
,,,,,,,,,,,,,,,,,,,
,,,,,,,,,,,,,,,,,,,
,,,,,,,,,,,,,,,,,,,
,,,,,,,,,,,,,,,,,,,
,,,,,,,,,,,,,,,,,,,
,,,,,,,,,,,,,,,,,,,
,,,,,,,,,,,,,,,,,,,
,,,,,,,,,,,,,,,,,,,
,,,,,,,,,,,,,,,,,,,
,,,,,,,,,,,,,,,,,,,
,,,,,,,,,,,,,,,,,,,
,,,,,,,,,,,,,,,,,,,
,,,,,,,,,,,,,,,,,,,
,,,,,,,,,,,,,,,,,,,
,,,,,,,,,,,,,,,,,,,
,,,,,,,,,,,,,,,,,,,
,,,,,,,,,,,,,,,,,,,
,,,,,,,,,,,,,,,,,,,
,,,,,,,,,,,,,,,,,,,
,,,,,,,,,,,,,,,,,,,
,,,,,,,,,,,,,,,,,,,
,,,,,,,,,,,,,,,,,,,
,,,,,,,,,,,,,,,,,,,
,,,,,,,,,,,,,,,,,,,
,,,,,,,,,,,,,,,,,,,
,,,,,,,,,,,,,,,,,,,
,,,,,,,,,,,,,,,,,,,
,,,,,,,,,,,,,,,,,,,
,,,,,,,,,,,,,,,,,,,
,,,,,,,,,,,,,,,,,,,
,,,,,,,,,,,,,,,,,,,
,,,,,,,,,,,,,,,,,,,
,,,,,,,,,,,,,,,,,,,
,,,,,,,,,,,,,,,,,,,
,,,,,,,,,,,,,,,,,,,
,,,,,,,,,,,,,,,,,,,
,,,,,,,,,,,,,,,,,,,
,,,,,,,,,,,,,,,,,,,
,,,,,,,,,,,,,,,,,,,
,,,,,,,,,,,,,,,,,,,
,,,,,,,,,,,,,,,,,,,
,,,,,,,,,,,,,,,,,,,
,,,,,,,,,,,,,,,,,,,
,,,,,,,,,,,,,,,,,,,
,,,,,,,,,,,,,,,,,,,
,,,,,,,,,,,,,,,,,,,
,,,,,,,,,,,,,,,,,,,
,,,,,,,,,,,,,,,,,,,
,,,,,,,,,,,,,,,,,,,
,,,,,,,,,,,,,,,,,,,
,,,,,,,,,,,,,,,,,,,
,,,,,,,,,,,,,,,,,,,
,,,,,,,,,,,,,,,,,,,
,,,,,,,,,,,,,,,,,,,
,,,,,,,,,,,,,,,,,,,
,,,,,,,,,,,,,,,,,,,
,,,,,,,,,,,,,,,,,,,
,,,,,,,,,,,,,,,,,,,
,,,,,,,,,,,,,,,,,,,
,,,,,,,,,,,,,,,,,,,
,,,,,,,,,,,,,,,,,,,
,,,,,,,,,,,,,,,,,,,
,,,,,,,,,,,,,,,,,,,
,,,,,,,,,,,,,,,,,,,
,,,,,,,,,,,,,,,,,,,
,,,,,,,,,,,,,,,,,,,
,,,,,,,,,,,,,,,,,,,
,,,,,,,,,,,,,,,,,,,
,,,,,,,,,,,,,,,,,,,
,,,,,,,,,,,,,,,,,,,
,,,,,,,,,,,,,,,,,,,
,,,,,,,,,,,,,,,,,,,
,,,,,,,,,,,,,,,,,,,
,,,,,,,,,,,,,,,,,,,
,,,,,,,,,,,,,,,,,,,
,,,,,,,,,,,,,,,,,,,
,,,,,,,,,,,,,,,,,,,
,,,,,,,,,,,,,,,,,,,
,,,,,,,,,,,,,,,,,,,
,,,,,,,,,,,,,,,,,,,
,,,,,,,,,,,,,,,,,,,
,,,,,,,,,,,,,,,,,,,
,,,,,,,,,,,,,,,,,,,
,,,,,,,,,,,,,,,,,,,
,,,,,,,,,,,,,,,,,,,
,,,,,,,,,,,,,,,,,,,
,,,,,,,,,,,,,,,,,,,
,,,,,,,,,,,,,,,,,,,
,,,,,,,,,,,,,,,,,,,
,,,,,,,,,,,,,,,,,,,
,,,,,,,,,,,,,,,,,,,
,,,,,,,,,,,,,,,,,,,
,,,,,,,,,,,,,,,,,,,
,,,,,,,,,,,,,,,,,,,
,,,,,,,,,,,,,,,,,,,
,,,,,,,,,,,,,,,,,,,
,,,,,,,,,,,,,,,,,,,
,,,,,,,,,,,,,,,,,,,
,,,,,,,,,,,,,,,,,,,
,,,,,,,,,,,,,,,,,,,
,,,,,,,,,,,,,,,,,,,
,,,,,,,,,,,,,,,,,,,
,,,,,,,,,,,,,,,,,,,
,,,,,,,,,,,,,,,,,,,
,,,,,,,,,,,,,,,,,,,
,,,,,,,,,,,,,,,,,,,
,,,,,,,,,,,,,,,,,,,
,,,,,,,,,,,,,,,,,,,
,,,,,,,,,,,,,,,,,,,
,,,,,,,,,,,,,,,,,,,
,,,,,,,,,,,,,,,,,,,
,,,,,,,,,,,,,,,,,,,
,,,,,,,,,,,,,,,,,,,
,,,,,,,,,,,,,,,,,,,
,,,,,,,,,,,,,,,,,,,
,,,,,,,,,,,,,,,,,,,
,,,,,,,,,,,,,,,,,,,
,,,,,,,,,,,,,,,,,,,
,,,,,,,,,,,,,,,,,,,
,,,,,,,,,,,,,,,,,,,
,,,,,,,,,,,,,,,,,,,
,,,,,,,,,,,,,,,,,,,
,,,,,,,,,,,,,,,,,,,
,,,,,,,,,,,,,,,,,,,
,,,,,,,,,,,,,,,,,,,
,,,,,,,,,,,,,,,,,,,
,,,,,,,,,,,,,,,,,,,
,,,,,,,,,,,,,,,,,,,
,,,,,,,,,,,,,,,,,,,
,,,,,,,,,,,,,,,,,,,
,,,,,,,,,,,,,,,,,,,
,,,,,,,,,,,,,,,,,,,
,,,,,,,,,,,,,,,,,,,
,,,,,,,,,,,,,,,,,,,
,,,,,,,,,,,,,,,,,,,
,,,,,,,,,,,,,,,,,,,
,,,,,,,,,,,,,,,,,,,
,,,,,,,,,,,,,,,,,,,
,,,,,,,,,,,,,,,,,,,
,,,,,,,,,,,,,,,,,,,
,,,,,,,,,,,,,,,,,,,
,,,,,,,,,,,,,,,,,,,
,,,,,,,,,,,,,,,,,,,
,,,,,,,,,,,,,,,,,,,
,,,,,,,,,,,,,,,,,,,
,,,,,,,,,,,,,,,,,,,
,,,,,,,,,,,,,,,,,,,
,,,,,,,,,,,,,,,,,,,
,,,,,,,,,,,,,,,,,,,
,,,,,,,,,,,,,,,,,,,
,,,,,,,,,,,,,,,,,,,
,,,,,,,,,,,,,,,,,,,
,,,,,,,,,,,,,,,,,,,
,,,,,,,,,,,,,,,,,,,
,,,,,,,,,,,,,,,,,,,
,,,,,,,,,,,,,,,,,,,
,,,,,,,,,,,,,,,,,,,
,,,,,,,,,,,,,,,,,,,
,,,,,,,,,,,,,,,,,,,
,,,,,,,,,,,,,,,,,,,
,,,,,,,,,,,,,,,,,,,
,,,,,,,,,,,,,,,,,,,
,,,,,,,,,,,,,,,,,,,
,,,,,,,,,,,,,,,,,,,
,,,,,,,,,,,,,,,,,,,
,,,,,,,,,,,,,,,,,,,
,,,,,,,,,,,,,,,,,,,
,,,,,,,,,,,,,,,,,,,
,,,,,,,,,,,,,,,,,,,
,,,,,,,,,,,,,,,,,,,
,,,,,,,,,,,,,,,,,,,
,,,,,,,,,,,,,,,,,,,
,,,,,,,,,,,,,,,,,,,
,,,,,,,,,,,,,,,,,,,
,,,,,,,,,,,,,,,,,,,
,,,,,,,,,,,,,,,,,,,
,,,,,,,,,,,,,,,,,,,
,,,,,,,,,,,,,,,,,,,
,,,,,,,,,,,,,,,,,,,
,,,,,,,,,,,,,,,,,,,
,,,,,,,,,,,,,,,,,,,
,,,,,,,,,,,,,,,,,,,
,,,,,,,,,,,,,,,,,,,
,,,,,,,,,,,,,,,,,,,
,,,,,,,,,,,,,,,,,,,
,,,,,,,,,,,,,,,,,,,
,,,,,,,,,,,,,,,,,,,
,,,,,,,,,,,,,,,,,,,
,,,,,,,,,,,,,,,,,,,
,,,,,,,,,,,,,,,,,,,
,,,,,,,,,,,,,,,,,,,
,,,,,,,,,,,,,,,,,,,
,,,,,,,,,,,,,,,,,,,
,,,,,,,,,,,,,,,,,,,
,,,,,,,,,,,,,,,,,,,
,,,,,,,,,,,,,,,,,,,
,,,,,,,,,,,,,,,,,,,
,,,,,,,,,,,,,,,,,,,
,,,,,,,,,,,,,,,,,,,
,,,,,,,,,,,,,,,,,,,
,,,,,,,,,,,,,,,,,,,
,,,,,,,,,,,,,,,,,,,
,,,,,,,,,,,,,,,,,,,
,,,,,,,,,,,,,,,,,,,
,,,,,,,,,,,,,,,,,,,
,,,,,,,,,,,,,,,,,,,
,,,,,,,,,,,,,,,,,,,
,,,,,,,,,,,,,,,,,,,
,,,,,,,,,,,,,,,,,,,
,,,,,,,,,,,,,,,,,,,
,,,,,,,,,,,,,,,,,,,
,,,,,,,,,,,,,,,,,,,
,,,,,,,,,,,,,,,,,,,
,,,,,,,,,,,,,,,,,,,
,,,,,,,,,,,,,,,,,,,
,,,,,,,,,,,,,,,,,,,
,,,,,,,,,,,,,,,,,,,
,,,,,,,,,,,,,,,,,,,
,,,,,,,,,,,,,,,,,,,
,,,,,,,,,,,,,,,,,,,
,,,,,,,,,,,,,,,,,,,
,,,,,,,,,,,,,,,,,,,
,,,,,,,,,,,,,,,,,,,
,,,,,,,,,,,,,,,,,,,
,,,,,,,,,,,,,,,,,,,
,,,,,,,,,,,,,,,,,,,
,,,,,,,,,,,,,,,,,,,
,,,,,,,,,,,,,,,,,,,
,,,,,,,,,,,,,,,,,,,
,,,,,,,,,,,,,,,,,,,
,,,,,,,,,,,,,,,,,,,
,,,,,,,,,,,,,,,,,,,
,,,,,,,,,,,,,,,,,,,
,,,,,,,,,,,,,,,,,,,
,,,,,,,,,,,,,,,,,,,
,,,,,,,,,,,,,,,,,,,
,,,,,,,,,,,,,,,,,,,
,,,,,,,,,,,,,,,,,,,
,,,,,,,,,,,,,,,,,,,
,,,,,,,,,,,,,,,,,,,
,,,,,,,,,,,,,,,,,,,
,,,,,,,,,,,,,,,,,,,
,,,,,,,,,,,,,,,,,,,
,,,,,,,,,,,,,,,,,,,
,,,,,,,,,,,,,,,,,,,
,,,,,,,,,,,,,,,,,,,
,,,,,,,,,,,,,,,,,,,
,,,,,,,,,,,,,,,,,,,
,,,,,,,,,,,,,,,,,,,
,,,,,,,,,,,,,,,,,,,
,,,,,,,,,,,,,,,,,,,
,,,,,,,,,,,,,,,,,,,
,,,,,,,,,,,,,,,,,,,
,,,,,,,,,,,,,,,,,,,
,,,,,,,,,,,,,,,,,,,
,,,,,,,,,,,,,,,,,,,
,,,,,,,,,,,,,,,,,,,
,,,,,,,,,,,,,,,,,,,
,,,,,,,,,,,,,,,,,,,
,,,,,,,,,,,,,,,,,,,
,,,,,,,,,,,,,,,,,,,
,,,,,,,,,,,,,,,,,,,
,,,,,,,,,,,,,,,,,,,
,,,,,,,,,,,,,,,,,,,
,,,,,,,,,,,,,,,,,,,
,,,,,,,,,,,,,,,,,,,
,,,,,,,,,,,,,,,,,,,
,,,,,,,,,,,,,,,,,,,
,,,,,,,,,,,,,,,,,,,
,,,,,,,,,,,,,,,,,,,
,,,,,,,,,,,,,,,,,,,
,,,,,,,,,,,,,,,,,,,
,,,,,,,,,,,,,,,,,,,
,,,,,,,,,,,,,,,,,,,
,,,,,,,,,,,,,,,,,,,
,,,,,,,,,,,,,,,,,,,
,,,,,,,,,,,,,,,,,,,
,,,,,,,,,,,,,,,,,,,
,,,,,,,,,,,,,,,,,,,
,,,,,,,,,,,,,,,,,,,
,,,,,,,,,,,,,,,,,,,
,,,,,,,,,,,,,,,,,,,
,,,,,,,,,,,,,,,,,,,
,,,,,,,,,,,,,,,,,,,
,,,,,,,,,,,,,,,,,,,
,,,,,,,,,,,,,,,,,,,
,,,,,,,,,,,,,,,,,,,
,,,,,,,,,,,,,,,,,,,
,,,,,,,,,,,,,,,,,,,
,,,,,,,,,,,,,,,,,,,
,,,,,,,,,,,,,,,,,,,
,,,,,,,,,,,,,,,,,,,
,,,,,,,,,,,,,,,,,,,
,,,,,,,,,,,,,,,,,,,
,,,,,,,,,,,,,,,,,,,
,,,,,,,,,,,,,,,,,,,
,,,,,,,,,,,,,,,,,,,
,,,,,,,,,,,,,,,,,,,
,,,,,,,,,,,,,,,,,,,
,,,,,,,,,,,,,,,,,,,
,,,,,,,,,,,,,,,,,,,
,,,,,,,,,,,,,,,,,,,
,,,,,,,,,,,,,,,,,,,
,,,,,,,,,,,,,,,,,,,
,,,,,,,,,,,,,,,,,,,
,,,,,,,,,,,,,,,,,,,
,,,,,,,,,,,,,,,,,,,
,,,,,,,,,,,,,,,,,,,
,,,,,,,,,,,,,,,,,,,
,,,,,,,,,,,,,,,,,,,
,,,,,,,,,,,,,,,,,,,
,,,,,,,,,,,,,,,,,,,
,,,,,,,,,,,,,,,,,,,
,,,,,,,,,,,,,,,,,,,
,,,,,,,,,,,,,,,,,,,
,,,,,,,,,,,,,,,,,,,
,,,,,,,,,,,,,,,,,,,
,,,,,,,,,,,,,,,,,,,
,,,,,,,,,,,,,,,,,,,
,,,,,,,,,,,,,,,,,,,
,,,,,,,,,,,,,,,,,,,
,,,,,,,,,,,,,,,,,,,
,,,,,,,,,,,,,,,,,,,
,,,,,,,,,,,,,,,,,,,
,,,,,,,,,,,,,,,,,,,
,,,,,,,,,,,,,,,,,,,
,,,,,,,,,,,,,,,,,,,
,,,,,,,,,,,,,,,,,,,
,,,,,,,,,,,,,,,,,,,
,,,,,,,,,,,,,,,,,,,
,,,,,,,,,,,,,,,,,,,
,,,,,,,,,,,,,,,,,,,
,,,,,,,,,,,,,,,,,,,
,,,,,,,,,,,,,,,,,,,
,,,,,,,,,,,,,,,,,,,
,,,,,,,,,,,,,,,,,,,
,,,,,,,,,,,,,,,,,,,
,,,,,,,,,,,,,,,,,,,
,,,,,,,,,,,,,,,,,,,
,,,,,,,,,,,,,,,,,,,
,,,,,,,,,,,,,,,,,,,
,,,,,,,,,,,,,,,,,,,
,,,,,,,,,,,,,,,,,,,
,,,,,,,,,,,,,,,,,,,
,,,,,,,,,,,,,,,,,,,
,,,,,,,,,,,,,,,,,,,
,,,,,,,,,,,,,,,,,,,
,,,,,,,,,,,,,,,,,,,
,,,,,,,,,,,,,,,,,,,
,,,,,,,,,,,,,,,,,,,
,,,,,,,,,,,,,,,,,,,
,,,,,,,,,,,,,,,,,,,
,,,,,,,,,,,,,,,,,,,
,,,,,,,,,,,,,,,,,,,
,,,,,,,,,,,,,,,,,,,
,,,,,,,,,,,,,,,,,,,
,,,,,,,,,,,,,,,,,,,
,,,,,,,,,,,,,,,,,,,
,,,,,,,,,,,,,,,,,,,
,,,,,,,,,,,,,,,,,,,
,,,,,,,,,,,,,,,,,,,
,,,,,,,,,,,,,,,,,,,
,,,,,,,,,,,,,,,,,,,
,,,,,,,,,,,,,,,,,,,
,,,,,,,,,,,,,,,,,,,
,,,,,,,,,,,,,,,,,,,
,,,,,,,,,,,,,,,,,,,
,,,,,,,,,,,,,,,,,,,
,,,,,,,,,,,,,,,,,,,
,,,,,,,,,,,,,,,,,,,
,,,,,,,,,,,,,,,,,,,
,,,,,,,,,,,,,,,,,,,
,,,,,,,,,,,,,,,,,,,
,,,,,,,,,,,,,,,,,,,
,,,,,,,,,,,,,,,,,,,
,,,,,,,,,,,,,,,,,,,
,,,,,,,,,,,,,,,,,,,
,,,,,,,,,,,,,,,,,,,
,,,,,,,,,,,,,,,,,,,
,,,,,,,,,,,,,,,,,,,
,,,,,,,,,,,,,,,,,,,
,,,,,,,,,,,,,,,,,,,
,,,,,,,,,,,,,,,,,,,
,,,,,,,,,,,,,,,,,,,
,,,,,,,,,,,,,,,,,,,
,,,,,,,,,,,,,,,,,,,
,,,,,,,,,,,,,,,,,,,
,,,,,,,,,,,,,,,,,,,
,,,,,,,,,,,,,,,,,,,
,,,,,,,,,,,,,,,,,,,
,,,,,,,,,,,,,,,,,,,
,,,,,,,,,,,,,,,,,,,
,,,,,,,,,,,,,,,,,,,
,,,,,,,,,,,,,,,,,,,
,,,,,,,,,,,,,,,,,,,
,,,,,,,,,,,,,,,,,,,
,,,,,,,,,,,,,,,,,,,
,,,,,,,,,,,,,,,,,,,
,,,,,,,,,,,,,,,,,,,
,,,,,,,,,,,,,,,,,,,
,,,,,,,,,,,,,,,,,,,
,,,,,,,,,,,,,,,,,,,
,,,,,,,,,,,,,,,,,,,
,,,,,,,,,,,,,,,,,,,
,,,,,,,,,,,,,,,,,,,
,,,,,,,,,,,,,,,,,,,
,,,,,,,,,,,,,,,,,,,
,,,,,,,,,,,,,,,,,,,
,,,,,,,,,,,,,,,,,,,
,,,,,,,,,,,,,,,,,,,
,,,,,,,,,,,,,,,,,,,
,,,,,,,,,,,,,,,,,,,
,,,,,,,,,,,,,,,,,,,
,,,,,,,,,,,,,,,,,,,
,,,,,,,,,,,,,,,,,,,
,,,,,,,,,,,,,,,,,,,
,,,,,,,,,,,,,,,,,,,
,,,,,,,,,,,,,,,,,,,
,,,,,,,,,,,,,,,,,,,
,,,,,,,,,,,,,,,,,,,
,,,,,,,,,,,,,,,,,,,
,,,,,,,,,,,,,,,,,,,
,,,,,,,,,,,,,,,,,,,
,,,,,,,,,,,,,,,,,,,
,,,,,,,,,,,,,,,,,,,
,,,,,,,,,,,,,,,,,,,
,,,,,,,,,,,,,,,,,,,
,,,,,,,,,,,,,,,,,,,
,,,,,,,,,,,,,,,,,,,
,,,,,,,,,,,,,,,,,,,
,,,,,,,,,,,,,,,,,,,
,,,,,,,,,,,,,,,,,,,
,,,,,,,,,,,,,,,,,,,
,,,,,,,,,,,,,,,,,,,
,,,,,,,,,,,,,,,,,,,
,,,,,,,,,,,,,,,,,,,
,,,,,,,,,,,,,,,,,,,
,,,,,,,,,,,,,,,,,,,
,,,,,,,,,,,,,,,,,,,
,,,,,,,,,,,,,,,,,,,
,,,,,,,,,,,,,,,,,,,
,,,,,,,,,,,,,,,,,,,
,,,,,,,,,,,,,,,,,,,
,,,,,,,,,,,,,,,,,,,
,,,,,,,,,,,,,,,,,,,
,,,,,,,,,,,,,,,,,,,
,,,,,,,,,,,,,,,,,,,
,,,,,,,,,,,,,,,,,,,
,,,,,,,,,,,,,,,,,,,
,,,,,,,,,,,,,,,,,,,
,,,,,,,,,,,,,,,,,,,
,,,,,,,,,,,,,,,,,,,
,,,,,,,,,,,,,,,,,,,
,,,,,,,,,,,,,,,,,,,
,,,,,,,,,,,,,,,,,,,
,,,,,,,,,,,,,,,,,,,
,,,,,,,,,,,,,,,,,,,
,,,,,,,,,,,,,,,,,,,
,,,,,,,,,,,,,,,,,,,
,,,,,,,,,,,,,,,,,,,
,,,,,,,,,,,,,,,,,,,
,,,,,,,,,,,,,,,,,,,
,,,,,,,,,,,,,,,,,,,
,,,,,,,,,,,,,,,,,,,
,,,,,,,,,,,,,,,,,,,
,,,,,,,,,,,,,,,,,,,
,,,,,,,,,,,,,,,,,,,
,,,,,,,,,,,,,,,,,,,
,,,,,,,,,,,,,,,,,,,
,,,,,,,,,,,,,,,,,,,
,,,,,,,,,,,,,,,,,,,
,,,,,,,,,,,,,,,,,,,
,,,,,,,,,,,,,,,,,,,
,,,,,,,,,,,,,,,,,,,
,,,,,,,,,,,,,,,,,,,
,,,,,,,,,,,,,,,,,,,
,,,,,,,,,,,,,,,,,,,
,,,,,,,,,,,,,,,,,,,
,,,,,,,,,,,,,,,,,,,
,,,,,,,,,,,,,,,,,,,
,,,,,,,,,,,,,,,,,,,
,,,,,,,,,,,,,,,,,,,
,,,,,,,,,,,,,,,,,,,
,,,,,,,,,,,,,,,,,,,
,,,,,,,,,,,,,,,,,,,
,,,,,,,,,,,,,,,,,,,
,,,,,,,,,,,,,,,,,,,
,,,,,,,,,,,,,,,,,,,
,,,,,,,,,,,,,,,,,,,
,,,,,,,,,,,,,,,,,,,
,,,,,,,,,,,,,,,,,,,
,,,,,,,,,,,,,,,,,,,
,,,,,,,,,,,,,,,,,,,
,,,,,,,,,,,,,,,,,,,
,,,,,,,,,,,,,,,,,,,
,,,,,,,,,,,,,,,,,,,
,,,,,,,,,,,,,,,,,,,
,,,,,,,,,,,,,,,,,,,
,,,,,,,,,,,,,,,,,,,
,,,,,,,,,,,,,,,,,,,
,,,,,,,,,,,,,,,,,,,
,,,,,,,,,,,,,,,,,,,
,,,,,,,,,,,,,,,,,,,
,,,,,,,,,,,,,,,,,,,
,,,,,,,,,,,,,,,,,,,
,,,,,,,,,,,,,,,,,,,
,,,,,,,,,,,,,,,,,,,
,,,,,,,,,,,,,,,,,,,
,,,,,,,,,,,,,,,,,,,
,,,,,,,,,,,,,,,,,,,
,,,,,,,,,,,,,,,,,,,
,,,,,,,,,,,,,,,,,,,
,,,,,,,,,,,,,,,,,,,
,,,,,,,,,,,,,,,,,,,
,,,,,,,,,,,,,,,,,,,
,,,,,,,,,,,,,,,,,,,
,,,,,,,,,,,,,,,,,,,
,,,,,,,,,,,,,,,,,,,
