Dest_State_NM,Dest_Airport_ID,Dest,Origin_State_NM,Airline_ID,,
Colorado,11292,DEN,Colorado,19393,,
Colorado,11292,DEN,Wyoming,19393,,
Colorado,11109,COS,Texas,19393,,
New York,10792,BUF,Colorado,19393,,
Texas,11140,CRP,Colorado,19393,,
Florida,11481,ECP,Colorado,19393,,
Mississippi,11973,GPT,Colorado,19393,,
South Carolina,11996,GSP,Colorado,19393,,
Texas,12896,LBB,Colorado,19393,,
Arkansas,12992,LIT,Colorado,19393,,
Colorado,11109,COS,California,19393,,
Colorado,11292,DEN,South Carolina,19393,,
Colorado,11292,DEN,Ohio,19393,,
New Mexico,10140,ABQ,Colorado,19393,,
Idaho,10713,BOI,Colorado,19393,,
Michigan,11433,DTW,Colorado,19393,,
Michigan,11986,GRR,Colorado,19393,,
Wisconsin,13342,MKE,Colorado,19393,,
Oregon,14057,PDX,Colorado,19393,,
Pennsylvania,14100,PHL,Colorado,19393,,
Nevada,14570,RNO,Colorado,19393,,
Florida,14635,RSW,Colorado,19393,,
Oklahoma,15370,TUL,Colorado,19393,,
Colorado,11292,DEN,Michigan,19393,,
Colorado,11292,DEN,Louisiana,19393,,
Colorado,11292,DEN,Pennsylvania,19393,,
Colorado,11292,DEN,Nevada,19393,,
Colorado,11292,DEN,Florida,19393,,
Colorado,11292,DEN,California,19393,,
Colorado,11292,DEN,Idaho,19393,,
Maryland,10821,BWI,Colorado,19393,,
South Carolina,10994,CHS,Colorado,19393,,
Ohio,11066,CMH,Colorado,19393,,
Washington,11884,GEG,Colorado,19393,,
Kentucky,14730,SDF,Colorado,19393,,
Utah,14869,SLC,Colorado,19393,,
Colorado,11292,DEN,Washington,19393,,
Colorado,11292,DEN,Oregon,19393,,
Colorado,11292,DEN,New Mexico,19393,,
Colorado,11292,DEN,New York,19393,,
Colorado,11292,DEN,Georgia,19393,,
Colorado,11292,DEN,Connecticut,19393,,
Indiana,12339,IND,Colorado,19393,,
California,12954,LGB,Colorado,19393,,
Missouri,13198,MCI,Colorado,19393,,
Louisiana,13495,MSY,Colorado,19393,,
Nebraska,13871,OMA,Colorado,19393,,
California,13891,ONT,Colorado,19393,,
Virginia,13931,ORF,Colorado,19393,,
Texas,14683,SAT,Colorado,19393,,
Washington,14747,SEA,Colorado,19393,,
California,14831,SJC,Colorado,19393,,
California,14893,SMF,Colorado,19393,,
Arizona,15376,TUS,Colorado,19393,,
Colorado,11292,DEN,Indiana,19393,,
Colorado,11292,DEN,Nebraska,19393,,
Colorado,11292,DEN,Virginia,19393,,
Texas,10423,AUS,Colorado,19393,,
California,14679,SAN,Colorado,19393,,
Colorado,11292,DEN,Wisconsin,19393,,
Colorado,11292,DEN,Minnesota,19393,,
Colorado,11292,DEN,Texas,19393,,
Colorado,11292,DEN,Utah,19393,,
Colorado,11292,DEN,Arizona,19393,,
Colorado,11292,DEN,Tennessee,19393,,
Minnesota,13487,MSP,Colorado,19393,,
Missouri,15016,STL,Colorado,19393,,
Colorado,11292,DEN,Oklahoma,19393,,
Colorado,11292,DEN,Missouri,19393,,
Florida,11697,FLL,Colorado,19393,,
Florida,12451,JAX,Colorado,19393,,
California,13796,OAK,Colorado,19393,,
Oklahoma,13851,OKC,Colorado,19393,,
New Jersey,11618,EWR,Colorado,19393,,
Florida,14193,PNS,Colorado,19393,,
North Carolina,14492,RDU,Colorado,19393,,
Texas,12191,HOU,Colorado,19393,,
California,12892,LAX,Colorado,19393,,
Arizona,14107,PHX,Colorado,19393,,
California,14771,SFO,Colorado,19393,,
Colorado,11292,DEN,North Carolina,19393,,
Georgia,10397,ATL,Colorado,19393,,
Connecticut,10529,BDL,Colorado,19393,,
Ohio,11042,CLE,Colorado,19393,,
Nevada,12889,LAS,Colorado,19393,,
Colorado,11292,DEN,Kentucky,19393,,
Virginia,12264,IAD,Colorado,19393,,
Tennessee,10693,BNA,Colorado,19393,,
Texas,11259,DAL,Colorado,19393,,
New York,12953,LGA,Colorado,19393,,
Pennsylvania,14122,PIT,Colorado,19393,,
Colorado,11292,DEN,Massachusetts,19393,,
Colorado,11292,DEN,New Jersey,19393,,
New York,10257,ALB,Colorado,19393,,
Massachusetts,10721,BOS,Colorado,19393,,
Florida,13204,MCO,Colorado,19393,,
Florida,15304,TPA,Colorado,19393,,
Colorado,11292,DEN,Maryland,19393,,
California,10800,BUR,Colorado,19393,,
Colorado,11292,DEN,Illinois,19393,,
Illinois,13232,MDW,Colorado,19393,,
California,14908,SNA,Colorado,19393,,
Washington,14747,SEA,Colorado,19687,,
Colorado,11109,COS,Washington,19687,,
Colorado,11109,COS,Georgia,19790,,
Colorado,11292,DEN,Georgia,19790,,
Georgia,10397,ATL,Colorado,19790,,
Texas,11298,DFW,Colorado,19790,,
Colorado,11292,DEN,Wyoming,19790,,
Kentucky,11193,CVG,Colorado,19790,,
Michigan,11433,DTW,Colorado,19790,,
South Dakota,11775,FSD,Colorado,19790,,
Nevada,12889,LAS,Colorado,19790,,
California,14679,SAN,Colorado,19790,,
Utah,14869,SLC,Colorado,19790,,
Colorado,11292,DEN,Michigan,19790,,
Colorado,11292,DEN,Minnesota,19790,,
Colorado,11292,DEN,Oklahoma,19790,,
Colorado,11292,DEN,California,19790,,
Colorado,11292,DEN,Utah,19790,,
California,12892,LAX,Colorado,19790,,
Minnesota,13487,MSP,Colorado,19790,,
New York,12953,LGA,Colorado,19790,,
Colorado,11292,DEN,New York,19790,,
Colorado,11292,DEN,Kentucky,19790,,
New York,12478,JFK,Colorado,19790,,
Washington,14747,SEA,Colorado,19790,,
Colorado,11292,DEN,Washington,19790,,
Arizona,14107,PHX,Colorado,19805,,
Colorado,11292,DEN,Pennsylvania,19805,,
Colorado,11292,DEN,Colorado,19805,,
Texas,11298,DFW,Colorado,19805,,
Kansas,12278,ICT,Colorado,19805,,
Massachusetts,10721,BOS,Colorado,19805,,
California,12892,LAX,Colorado,19805,,
Arkansas,12992,LIT,Colorado,19805,,
Colorado,11292,DEN,Florida,19805,,
Colorado,11109,COS,Illinois,19805,,
Colorado,11292,DEN,North Carolina,19805,,
Colorado,11292,DEN,California,19805,,
Colorado,11109,COS,Utah,19805,,
Oregon,14057,PDX,Colorado,19805,,
Colorado,11292,DEN,Texas,19805,,
Colorado,11292,DEN,Arizona,19805,,
Pennsylvania,14100,PHL,Colorado,19805,,
Florida,13303,MIA,Colorado,19805,,
Colorado,11503,EGE,Texas,19805,,
Colorado,11292,DEN,Illinois,19805,,
Illinois,13930,ORD,Colorado,19805,,
Colorado,11109,COS,Texas,19805,,
North Carolina,11057,CLT,Colorado,19805,,
Washington,10559,BFI,Colorado,19917,,
Nevada,12889,LAS,Colorado,19917,,
Kentucky,14730,SDF,Colorado,19917,,
Colorado,11292,DEN,Utah,19917,,
Utah,14869,SLC,Colorado,19917,,
Colorado,11292,DEN,California,19917,,
California,10800,BUR,Colorado,19917,,
Colorado,11292,DEN,Kentucky,19917,,
Colorado,11292,DEN,Montana,19917,,
Montana,10620,BIL,Colorado,19917,,
California,13891,ONT,Colorado,19917,,
Colorado,11292,DEN,Illinois,19917,,
Nevada,14570,RNO,Colorado,19917,,
Colorado,11292,DEN,Colorado,19930,,
Colorado,11109,COS,Washington,19930,,
Washington,14747,SEA,Colorado,19930,,
Colorado,11292,DEN,Washington,19930,,
Colorado,11292,DEN,Nebraska,19977,,
Ohio,11042,CLE,Colorado,19977,,
Mississippi,12448,JAN,Colorado,19977,,
California,12892,LAX,Colorado,19977,,
Florida,13303,MIA,Colorado,19977,,
Virginia,14524,RIC,Colorado,19977,,
Colorado,11292,DEN,Missouri,19977,,
California,14771,SFO,Colorado,19977,,
Colorado,11292,DEN,New Mexico,19977,,
Colorado,11292,DEN,Connecticut,19977,,
Colorado,11292,DEN,Massachusetts,19977,,
Colorado,11292,DEN,Montana,19977,,
New Mexico,10140,ABQ,Colorado,19977,,
Montana,10620,BIL,Colorado,19977,,
Massachusetts,10721,BOS,Colorado,19977,,
Montana,10849,BZN,Colorado,19977,,
Kentucky,11193,CVG,Colorado,19977,,
Michigan,11433,DTW,Colorado,19977,,
Florida,11697,FLL,Colorado,19977,,
Virginia,12264,IAD,Colorado,19977,,
Texas,12266,IAH,Colorado,19977,,
Nevada,12889,LAS,Colorado,19977,,
Missouri,13198,MCI,Colorado,19977,,
Florida,13204,MCO,Colorado,19977,,
Illinois,13930,ORD,Colorado,19977,,
Pennsylvania,14100,PHL,Colorado,19977,,
California,14262,PSP,Colorado,19977,,
Nevada,14570,RNO,Colorado,19977,,
Utah,14869,SLC,Colorado,19977,,
Missouri,15016,STL,Colorado,19977,,
Oklahoma,15370,TUL,Colorado,19977,,
Colorado,11292,DEN,Virginia,19977,,
Colorado,11292,DEN,Texas,19977,,
Colorado,11292,DEN,Florida,19977,,
Colorado,11292,DEN,California,19977,,
Colorado,11292,DEN,Nevada,19977,,
Colorado,11292,DEN,Oklahoma,19977,,
Colorado,11292,DEN,Georgia,19977,,
Colorado,11292,DEN,Kentucky,19977,,
Georgia,10397,ATL,Colorado,19977,,
Virginia,11278,DCA,Colorado,19977,,
Washington,11884,GEG,Colorado,19977,,
Kansas,12278,ICT,Colorado,19977,,
North Carolina,14492,RDU,Colorado,19977,,
California,14689,SBA,Colorado,19977,,
Florida,15304,TPA,Colorado,19977,,
Arizona,15376,TUS,Colorado,19977,,
Colorado,11292,DEN,Oregon,19977,,
Colorado,11292,DEN,New Jersey,19977,,
Colorado,11292,DEN,Washington,19977,,
Colorado,11292,DEN,Michigan,19977,,
Colorado,11292,DEN,Kansas,19977,,
Colorado,11292,DEN,Arizona,19977,,
Colorado,11292,DEN,Maryland,19977,,
Colorado,11292,DEN,North Carolina,19977,,
New Jersey,11618,EWR,Colorado,19977,,
Colorado,11292,DEN,Illinois,19977,,
Colorado,11292,DEN,Iowa,19977,,
Colorado,11292,DEN,Ohio,19977,,
Idaho,10713,BOI,Colorado,19977,,
North Carolina,11057,CLT,Colorado,19977,,
Ohio,11066,CMH,Colorado,19977,,
Oregon,11603,EUG,Colorado,19977,,
Montana,11648,FCA,Colorado,19977,,
Hawaii,12982,LIH,Colorado,19977,,
Wisconsin,13485,MSN,Colorado,19977,,
Louisiana,13495,MSY,Colorado,19977,,
Colorado,11292,DEN,Hawaii,19977,,
Colorado,11292,DEN,Wisconsin,19977,,
Colorado,11292,DEN,Idaho,19977,,
Maryland,10821,BWI,Colorado,19977,,
Iowa,11003,CID,Colorado,19977,,
Oregon,13264,MFR,Colorado,19977,,
California,13891,ONT,Colorado,19977,,
California,14831,SJC,Colorado,19977,,
California,14893,SMF,Colorado,19977,,
Michigan,11986,GRR,Colorado,19977,,
Indiana,12339,IND,Colorado,19977,,
Wisconsin,13342,MKE,Colorado,19977,,
Colorado,11292,DEN,Indiana,19977,,
Colorado,11292,DEN,Pennsylvania,19977,,
California,10800,BUR,Colorado,19977,,
Iowa,11423,DSM,Colorado,19977,,
Oklahoma,13851,OKC,Colorado,19977,,
Pennsylvania,14122,PIT,Colorado,19977,,
Texas,10423,AUS,Colorado,19977,,
Connecticut,10529,BDL,Colorado,19977,,
New York,12953,LGA,Colorado,19977,,
Minnesota,13487,MSP,Colorado,19977,,
Washington,14747,SEA,Colorado,19977,,
Colorado,11292,DEN,Louisiana,19977,,
Colorado,11292,DEN,Utah,19977,,
Oregon,14057,PDX,Colorado,19977,,
South Dakota,11775,FSD,Colorado,19977,,
Nebraska,13871,OMA,Colorado,19977,,
Colorado,11292,DEN,South Dakota,19977,,
Colorado,11292,DEN,Minnesota,19977,,
California,14679,SAN,Colorado,19977,,
Colorado,11292,DEN,New York,19977,,
Arizona,14107,PHX,Colorado,19977,,
Texas,14683,SAT,Colorado,19977,,
Wyoming,12441,JAC,Colorado,19977,,
Texas,11298,DFW,Colorado,19977,,
Hawaii,12758,KOA,Colorado,19977,,
Hawaii,13830,OGG,Colorado,19977,,
Colorado,11292,DEN,Wyoming,19977,,
Hawaii,12173,HNL,Colorado,19977,,
California,14908,SNA,Colorado,19977,,
Colorado,11292,DEN,Alaska,19977,,
Alaska,10299,ANC,Colorado,19977,,
Texas,11298,DFW,Colorado,20107,,
Indiana,12339,IND,Colorado,20107,,
Missouri,13198,MCI,Colorado,20107,,
Louisiana,13495,MSY,Colorado,20107,,
Utah,14869,SLC,Colorado,20107,,
Arizona,15376,TUS,Colorado,20107,,
Colorado,11292,DEN,Indiana,20107,,
Colorado,11292,DEN,Missouri,20107,,
Colorado,11921,GJT,Tennessee,20107,,
Colorado,11292,DEN,California,20107,,
Montana,10620,BIL,Colorado,20107,,
Texas,11540,ELP,Colorado,20107,,
Colorado,11921,GJT,Colorado,20107,,
Tennessee,13244,MEM,Colorado,20107,,
Colorado,11109,COS,Colorado,20107,,
Colorado,11292,DEN,Tennessee,20107,,
California,13796,OAK,Colorado,20107,,
Colorado,11921,GJT,California,20107,,
California,11638,FAT,Colorado,20107,,
Colorado,11292,DEN,Texas,20107,,
Texas,10194,AFW,Colorado,20107,,
Colorado,11413,DRO,New Mexico,20107,,
Wyoming,11122,CPR,Colorado,20107,,
Colorado,11109,COS,Tennessee,20107,,
Colorado,12094,HDN,Wyoming,20107,,
New Mexico,10140,ABQ,Colorado,20107,,
Colorado,11292,DEN,Kentucky,20190,,
Kentucky,11193,CVG,Colorado,20190,,
Colorado,11292,DEN,Georgia,20201,,
South Carolina,11996,GSP,Colorado,20201,,
Colorado,11292,DEN,Colorado,20225,,
Colorado,11292,DEN,Nebraska,20225,,
Colorado,11292,DEN,Kansas,20225,,
Nebraska,10558,BFF,Colorado,20225,,
Kansas,11283,DDC,Colorado,20225,,
Nebraska,11468,EAR,Colorado,20225,,
Nebraska,12899,LBF,Colorado,20225,,
Kansas,12902,LBL,Colorado,20225,,
Colorado,10325,APA,Kansas,20225,,
Colorado,11292,DEN,Nebraska,20237,,
Oklahoma,13851,OKC,Colorado,20237,,
Colorado,11413,DRO,Colorado,20237,,
Colorado,11292,DEN,Colorado,20237,,
Colorado,11292,DEN,Michigan,20237,,
Colorado,11292,DEN,Montana,20237,,
Montana,10620,BIL,Colorado,20237,,
Missouri,14783,SGF,Colorado,20237,,
Louisiana,14814,SHV,Colorado,20237,,
Arizona,15376,TUS,Colorado,20237,,
Colorado,11292,DEN,Missouri,20237,,
Colorado,11292,DEN,Louisiana,20237,,
Colorado,11292,DEN,Arizona,20237,,
Kansas,12278,ICT,Colorado,20237,,
Colorado,11292,DEN,Kansas,20237,,
Iowa,11003,CID,Colorado,20237,,
South Dakota,11775,FSD,Colorado,20237,,
Colorado,11292,DEN,Iowa,20237,,
Colorado,12094,HDN,Colorado,20237,,
Colorado,11292,DEN,South Dakota,20237,,
Colorado,12012,GUC,Colorado,20237,,
Oklahoma,15370,TUL,Colorado,20237,,
Colorado,11292,DEN,Oklahoma,20237,,
Michigan,11986,GRR,Colorado,20237,,
Montana,12003,GTF,Colorado,20237,,
Arkansas,15919,XNA,Colorado,20237,,
Colorado,11292,DEN,Arkansas,20237,,
Illinois,13367,MLI,Colorado,20237,,
Colorado,11109,COS,Colorado,20237,,
Tennessee,15412,TYS,Colorado,20237,,
Colorado,11292,DEN,Tennessee,20237,,
Missouri,13198,MCI,Colorado,20237,,
Colorado,13502,MTJ,Colorado,20237,,
North Dakota,11637,FAR,Colorado,20237,,
Colorado,11292,DEN,Wyoming,20237,,
Wyoming,11097,COD,Colorado,20237,,
Alabama,12217,HSV,Colorado,20237,,
Colorado,11292,DEN,Alabama,20237,,
Kentucky,14730,SDF,Colorado,20237,,
Colorado,11292,DEN,Kentucky,20237,,
Arkansas,12992,LIT,Colorado,20237,,
Colorado,11292,DEN,North Dakota,20237,,
Nebraska,13029,LNK,Colorado,20237,,
Colorado,11292,DEN,New Mexico,20237,,
New Mexico,10140,ABQ,Colorado,20237,,
Texas,11540,ELP,Colorado,20237,,
Colorado,11292,DEN,Texas,20237,,
Colorado,11292,DEN,Illinois,20237,,
North Dakota,11315,DIK,Colorado,20237,,
Texas,10279,AMA,Colorado,20237,,
Texas,12896,LBB,Colorado,20237,,
Montana,13486,MSO,Colorado,20237,,
Wyoming,11122,CPR,Colorado,20237,,
Missouri,15016,STL,Colorado,20237,,
North Dakota,12389,ISN,Colorado,20237,,
New Mexico,14674,SAF,Colorado,20237,,
Colorado,11921,GJT,Colorado,20237,,
South Dakota,14457,RAP,Colorado,20237,,
North Dakota,10627,BIS,Colorado,20237,,
Colorado,11413,DRO,New Mexico,20263,,
New Mexico,10140,ABQ,Colorado,20263,,
Colorado,11292,DEN,Wyoming,20304,,
Arkansas,12992,LIT,Colorado,20304,,
Montana,13486,MSO,Colorado,20304,,
Arizona,15376,TUS,Colorado,20304,,
Colorado,11109,COS,Virginia,20304,,
New Mexico,10140,ABQ,Colorado,20304,,
Georgia,10397,ATL,Colorado,20304,,
Texas,10423,AUS,Colorado,20304,,
Iowa,11003,CID,Colorado,20304,,
Wyoming,11097,COD,Colorado,20304,,
Wyoming,11122,CPR,Colorado,20304,,
Texas,11298,DFW,Colorado,20304,,
Michigan,11986,GRR,Colorado,20304,,
Texas,12266,IAH,Colorado,20304,,
Wyoming,12441,JAC,Colorado,20304,,
Oregon,13264,MFR,Colorado,20304,,
Nebraska,13871,OMA,Colorado,20304,,
Illinois,13930,ORD,Colorado,20304,,
Oregon,14489,RDM,Colorado,20304,,
California,14679,SAN,Colorado,20304,,
Kentucky,14730,SDF,Colorado,20304,,
California,14771,SFO,Colorado,20304,,
California,14908,SNA,Colorado,20304,,
Idaho,15041,SUN,Colorado,20304,,
Colorado,11109,COS,Texas,20304,,
California,12892,LAX,Colorado,20304,,
Colorado,11292,DEN,Texas,20304,,
Colorado,11292,DEN,California,20304,,
Colorado,11292,DEN,Arkansas,20304,,
Colorado,11292,DEN,Oregon,20304,,
Colorado,11109,COS,Montana,20304,,
Colorado,11292,DEN,Illinois,20304,,
Colorado,11921,GJT,Washington,20304,,
Colorado,11109,COS,Utah,20304,,
Colorado,11292,DEN,Colorado,20304,,
Colorado,11109,COS,Colorado,20304,,
Colorado,11921,GJT,Colorado,20304,,
Montana,12003,GTF,Colorado,20304,,
Oregon,14057,PDX,Colorado,20304,,
Texas,14683,SAT,Colorado,20304,,
Colorado,11109,COS,California,20304,,
Colorado,10372,ASE,Colorado,20304,,
Colorado,11292,DEN,Montana,20304,,
Colorado,11921,GJT,Illinois,20304,,
Colorado,11292,DEN,New Mexico,20304,,
Texas,10279,AMA,Colorado,20304,,
Montana,10849,BZN,Colorado,20304,,
Kentucky,11193,CVG,Colorado,20304,,
Ohio,11267,DAY,Colorado,20304,,
Texas,12896,LBB,Colorado,20304,,
Colorado,13502,MTJ,Colorado,20304,,
California,13891,ONT,Colorado,20304,,
Arizona,14107,PHX,Colorado,20304,,
California,14262,PSP,Colorado,20304,,
Oklahoma,15370,TUL,Colorado,20304,,
Colorado,11292,DEN,Iowa,20304,,
Colorado,11921,GJT,California,20304,,
Colorado,11292,DEN,Arizona,20304,,
Colorado,11292,DEN,South Dakota,20304,,
Washington,11884,GEG,Colorado,20304,,
Minnesota,13487,MSP,Colorado,20304,,
Missouri,14783,SGF,Colorado,20304,,
Colorado,11292,DEN,Washington,20304,,
Colorado,11413,DRO,California,20304,,
Colorado,11292,DEN,Missouri,20304,,
Colorado,11292,DEN,Minnesota,20304,,
Colorado,11292,DEN,Nebraska,20304,,
Montana,10620,BIL,Colorado,20304,,
Ohio,11042,CLE,Colorado,20304,,
Colorado,11413,DRO,Colorado,20304,,
Montana,11648,FCA,Colorado,20304,,
Kansas,12278,ICT,Colorado,20304,,
Missouri,13198,MCI,Colorado,20304,,
Tennessee,13244,MEM,Colorado,20304,,
North Dakota,13433,MOT,Colorado,20304,,
California,14689,SBA,Colorado,20304,,
Colorado,11292,DEN,Tennessee,20304,,
Colorado,11292,DEN,Utah,20304,,
Colorado,11292,DEN,Georgia,20304,,
Colorado,11292,DEN,Ohio,20304,,
North Carolina,11057,CLT,Colorado,20304,,
Oregon,13964,OTH,Colorado,20304,,
Colorado,11292,DEN,Kansas,20304,,
Colorado,11292,DEN,North Dakota,20304,,
Colorado,11292,DEN,Oklahoma,20304,,
Colorado,11292,DEN,North Carolina,20304,,
Virginia,14524,RIC,Colorado,20304,,
Colorado,11292,DEN,Virginia,20304,,
Colorado,11292,DEN,Kentucky,20304,,
Oklahoma,13851,OKC,Colorado,20304,,
California,10800,BUR,Colorado,20304,,
Ohio,11066,CMH,Colorado,20304,,
Oregon,11603,EUG,Colorado,20304,,
Utah,14869,SLC,Colorado,20304,,
Washington,14747,SEA,Colorado,20304,,
Colorado,11109,COS,Washington,20304,,
Illinois,13367,MLI,Colorado,20304,,
Texas,11540,ELP,Colorado,20304,,
Arkansas,15919,XNA,Colorado,20304,,
Colorado,11292,DEN,Idaho,20304,,
Missouri,15016,STL,Colorado,20304,,
Colorado,10372,ASE,Utah,20304,,
California,11638,FAT,Colorado,20304,,
Colorado,10372,ASE,California,20304,,
California,14698,SBP,Colorado,20304,,
Colorado,10372,ASE,Texas,20304,,
Alabama,10599,BHM,Colorado,20304,,
South Dakota,11775,FSD,Colorado,20304,,
Louisiana,14814,SHV,Colorado,20304,,
Colorado,11292,DEN,Louisiana,20304,,
Tennessee,10693,BNA,Colorado,20304,,
North Dakota,12389,ISN,Colorado,20304,,
Nebraska,13029,LNK,Colorado,20304,,
Colorado,11292,DEN,Alabama,20304,,
Idaho,10713,BOI,Colorado,20304,,
Montana,12156,HLN,Colorado,20304,,
Colorado,11109,COS,Illinois,20304,,
South Dakota,14457,RAP,Colorado,20304,,
Colorado,11292,DEN,Michigan,20304,,
Texas,13158,MAF,Colorado,20304,,
North Dakota,10627,BIS,Colorado,20304,,
Iowa,11423,DSM,Colorado,20304,,
California,14831,SJC,Colorado,20304,,
Colorado,10372,ASE,Illinois,20304,,
Kansas,12255,HYS,Colorado,20304,,
North Dakota,12519,JMS,Colorado,20304,,
Wyoming,12888,LAR,Colorado,20304,,
California,14893,SMF,Colorado,20304,,
California,10561,BFL,Colorado,20304,,
Wyoming,11865,GCC,Colorado,20304,,
Wyoming,14543,RKS,Colorado,20304,,
Washington,14252,PSC,Colorado,20304,,
Utah,14794,SGU,Colorado,20304,,
Colorado,11413,DRO,Arizona,20304,,
Colorado,11921,GJT,Arizona,20304,,
North Dakota,11637,FAR,Colorado,20304,,
Colorado,11921,GJT,Utah,20304,,
Idaho,12280,IDA,Colorado,20304,,
North Dakota,11315,DIK,Colorado,20354,,
North Dakota,12389,ISN,Colorado,20354,,
Colorado,11292,DEN,North Dakota,20354,,
Missouri,15016,STL,Colorado,20354,,
Colorado,11503,EGE,Missouri,20354,,
Colorado,11503,EGE,North Carolina,20354,,
Colorado,11292,DEN,Nebraska,20354,,
South Dakota,10409,ATY,Colorado,20354,,
South Dakota,14120,PIR,Colorado,20354,,
Colorado,11292,DEN,South Dakota,20354,,
Arizona,14081,PGA,Colorado,20358,,
New Mexico,11711,FMN,Colorado,20358,,
Kansas,14877,SLN,Colorado,20358,,
Colorado,11292,DEN,Kansas,20358,,
Colorado,11292,DEN,Wyoming,20358,,
Wyoming,11233,CYS,Colorado,20358,,
Colorado,15177,TEX,Colorado,20358,,
Colorado,11292,DEN,Colorado,20358,,
Wyoming,14534,RIW,Colorado,20358,,
Colorado,11292,DEN,New Mexico,20358,,
Colorado,14288,PUB,Colorado,20358,,
Colorado,11292,DEN,Kentucky,20363,,
Kentucky,11193,CVG,Colorado,20363,,
Missouri,15016,STL,Colorado,20366,,
Colorado,11109,COS,Colorado,20366,,
Colorado,11292,DEN,Texas,20366,,
Colorado,12012,GUC,Texas,20366,,
Colorado,11109,COS,Illinois,20366,,
Colorado,13502,MTJ,Texas,20366,,
Texas,12266,IAH,Colorado,20366,,
Illinois,13930,ORD,Colorado,20366,,
Colorado,11109,COS,Texas,20366,,
California,15570,VCV,Colorado,20368,,
Colorado,11109,COS,Nevada,20368,,
Nevada,12889,LAS,Colorado,20368,,
Colorado,11921,GJT,Nevada,20368,,
Colorado,11109,COS,Arizona,20368,,
Arizona,10466,AZA,Colorado,20368,,
California,12892,LAX,Colorado,20368,,
Colorado,11921,GJT,California,20368,,
Colorado,11292,DEN,Kentucky,20368,,
Kentucky,11193,CVG,Colorado,20368,,
California,13796,OAK,Colorado,20372,,
Colorado,11292,DEN,Illinois,20372,,
Nevada,12889,LAS,Colorado,20377,,
Oklahoma,12891,LAW,Colorado,20378,,
Texas,11298,DFW,Colorado,20378,,
Colorado,13502,MTJ,Texas,20378,,
Arizona,14107,PHX,Colorado,20378,,
Colorado,13502,MTJ,Arizona,20378,,
Colorado,11413,DRO,Texas,20378,,
Colorado,13502,MTJ,Texas,20398,,
Texas,11298,DFW,Colorado,20398,,
Illinois,13930,ORD,Colorado,20398,,
Colorado,13502,MTJ,Illinois,20398,,
Colorado,11921,GJT,Texas,20398,,
Colorado,11292,DEN,Connecticut,20402,,
Michigan,16091,YIP,Colorado,20402,,
Colorado,11109,COS,California,20402,,
Colorado,11292,DEN,California,20409,,
New York,12478,JFK,Colorado,20409,,
Colorado,11292,DEN,New York,20409,,
Colorado,11292,DEN,Massachusetts,20409,,
Massachusetts,10721,BOS,Colorado,20409,,
Michigan,11433,DTW,Colorado,20416,,
Colorado,11292,DEN,Texas,20416,,
Florida,11697,FLL,Colorado,20416,,
Colorado,11292,DEN,Florida,20416,,
Texas,12266,IAH,Colorado,20416,,
California,12892,LAX,Colorado,20416,,
California,14679,SAN,Colorado,20416,,
Colorado,11292,DEN,Michigan,20416,,
Colorado,11292,DEN,California,20416,,
Colorado,11292,DEN,Minnesota,20416,,
Texas,11298,DFW,Colorado,20416,,
Minnesota,13487,MSP,Colorado,20416,,
Illinois,13930,ORD,Colorado,20416,,
Nevada,12889,LAS,Colorado,20416,,
Colorado,11292,DEN,Illinois,20416,,
Colorado,11292,DEN,Nevada,20416,,
Arizona,10590,IFP,Colorado,20422,,
Colorado,11292,DEN,Arizona,20422,,
Colorado,11719,FNL,Arizona,20422,,
Colorado,13502,MTJ,Arizona,20422,,
Colorado,14288,PUB,Arizona,20422,,
Minnesota,13487,MSP,Colorado,20422,,
Colorado,11292,DEN,Minnesota,20422,,
Colorado,11292,DEN,Kentucky,20436,,
Ohio,11066,CMH,Colorado,20436,,
Michigan,11433,DTW,Colorado,20436,,
Texas,12266,IAH,Colorado,20436,,
Indiana,12339,IND,Colorado,20436,,
Florida,13204,MCO,Colorado,20436,,
Montana,13486,MSO,Colorado,20436,,
Illinois,13930,ORD,Colorado,20436,,
Arizona,14107,PHX,Colorado,20436,,
Missouri,15016,STL,Colorado,20436,,
Tennessee,15412,TYS,Colorado,20436,,
Colorado,11292,DEN,Michigan,20436,,
Colorado,11292,DEN,Virginia,20436,,
Colorado,11292,DEN,Texas,20436,,
Colorado,11292,DEN,Indiana,20436,,
Colorado,11292,DEN,Florida,20436,,
Colorado,11292,DEN,Montana,20436,,
Colorado,11292,DEN,Illinois,20436,,
Colorado,11292,DEN,Arizona,20436,,
Colorado,11292,DEN,Missouri,20436,,
Colorado,11292,DEN,Tennessee,20436,,
Wisconsin,13485,MSN,Colorado,20436,,
Minnesota,13487,MSP,Colorado,20436,,
North Carolina,14492,RDU,Colorado,20436,,
Texas,14683,SAT,Colorado,20436,,
Colorado,11292,DEN,Wisconsin,20436,,
Colorado,11292,DEN,North Carolina,20436,,
Colorado,11292,DEN,Iowa,20436,,
Iowa,11003,CID,Colorado,20436,,
Colorado,11292,DEN,Minnesota,20436,,
Wisconsin,13342,MKE,Colorado,20436,,
California,14908,SNA,Colorado,20436,,
Colorado,11292,DEN,California,20436,,
California,14771,SFO,Colorado,20436,,
Colorado,11109,COS,California,20436,,
Virginia,11278,DCA,Colorado,20436,,
Iowa,11423,DSM,Colorado,20436,,
California,12892,LAX,Colorado,20436,,
Montana,10849,BZN,Colorado,20436,,
North Carolina,11995,GSO,Colorado,20436,,
Washington,14747,SEA,Colorado,20436,,
Colorado,11292,DEN,Washington,20436,,
Tennessee,10693,BNA,Colorado,20436,,
Oregon,14057,PDX,Colorado,20436,,
Colorado,11292,DEN,Oregon,20436,,
Colorado,11109,COS,Illinois,20436,,
Colorado,11292,DEN,North Dakota,20436,,
North Dakota,10627,BIS,Colorado,20436,,
South Dakota,11775,FSD,Colorado,20436,,
Colorado,11292,DEN,South Dakota,20436,,
Utah,14869,SLC,Colorado,20436,,
Colorado,11109,COS,Nevada,20436,,
Colorado,11292,DEN,Utah,20436,,
Nevada,12889,LAS,Colorado,20436,,
Colorado,11292,DEN,Nevada,20436,,
Colorado,11292,DEN,Georgia,20436,,
California,14679,SAN,Colorado,20436,,
Colorado,11292,DEN,Ohio,20436,,
Georgia,10397,ATL,Colorado,20436,,
Texas,10423,AUS,Colorado,20436,,
Ohio,11042,CLE,Colorado,20436,,
North Carolina,11057,CLT,Colorado,20436,,
Texas,11298,DFW,Colorado,20436,,
Virginia,12264,IAD,Colorado,20436,,
New York,12953,LGA,Colorado,20436,,
Tennessee,13244,MEM,Colorado,20436,,
Florida,13303,MIA,Colorado,20436,,
Louisiana,13495,MSY,Colorado,20436,,
Nebraska,13871,OMA,Colorado,20436,,
Pennsylvania,14100,PHL,Colorado,20436,,
Pennsylvania,14122,PIT,Colorado,20436,,
Florida,15304,TPA,Colorado,20436,,
Colorado,11292,DEN,New York,20436,,
Colorado,11109,COS,Florida,20436,,
Colorado,11292,DEN,Louisiana,20436,,
Colorado,11292,DEN,Nebraska,20436,,
Colorado,11292,DEN,Pennsylvania,20436,,
Colorado,11109,COS,Arizona,20436,,
Missouri,13198,MCI,Colorado,20436,,
Kentucky,11193,CVG,Colorado,20436,,
Colorado,14288,PUB,Alabama,20447,,
California,13796,OAK,Colorado,20447,,
Colorado,11292,DEN,Georgia,20452,,
Colorado,11292,DEN,Colorado,20452,,
Ohio,11042,CLE,Colorado,20452,,
Colorado,11109,COS,Colorado,20452,,
Iowa,11423,DSM,Colorado,20452,,
Kansas,12278,ICT,Colorado,20452,,
Nebraska,13871,OMA,Colorado,20452,,
Utah,14869,SLC,Colorado,20452,,
Colorado,11292,DEN,Kansas,20452,,
Colorado,11292,DEN,Kentucky,20452,,
Colorado,11292,DEN,Oklahoma,20452,,
Colorado,11292,DEN,Ohio,20452,,
Alabama,10599,BHM,Colorado,20452,,
Ohio,11066,CMH,Colorado,20452,,
Minnesota,13487,MSP,Colorado,20452,,
Oklahoma,15370,TUL,Colorado,20452,,
Colorado,11292,DEN,New Mexico,20452,,
Colorado,11292,DEN,Alabama,20452,,
New Mexico,10140,ABQ,Colorado,20452,,
Tennessee,10693,BNA,Colorado,20452,,
Texas,11540,ELP,Colorado,20452,,
Tennessee,13244,MEM,Colorado,20452,,
Oklahoma,13851,OKC,Colorado,20452,,
Arkansas,15919,XNA,Colorado,20452,,
Colorado,11292,DEN,Texas,20452,,
Colorado,11292,DEN,Iowa,20452,,
Colorado,11292,DEN,Tennessee,20452,,
Colorado,11292,DEN,Minnesota,20452,,
Colorado,11292,DEN,Louisiana,20452,,
Colorado,11292,DEN,Nebraska,20452,,
Colorado,11292,DEN,Arkansas,20452,,
Indiana,12339,IND,Colorado,20452,,
Texas,14683,SAT,Colorado,20452,,
Colorado,11292,DEN,Utah,20452,,
Colorado,11292,DEN,Missouri,20452,,
Georgia,10397,ATL,Colorado,20452,,
Texas,11298,DFW,Colorado,20452,,
Kentucky,14730,SDF,Colorado,20452,,
Colorado,11109,COS,Texas,20452,,
Missouri,13198,MCI,Colorado,20452,,
Texas,13158,MAF,Colorado,20452,,
Texas,10423,AUS,Colorado,20452,,
Colorado,11292,DEN,Indiana,20452,,
Texas,12266,IAH,Colorado,20452,,
Oklahoma,15370,TUL,Colorado,20500,,
Colorado,11292,DEN,Michigan,20500,,
Michigan,11986,GRR,Colorado,20500,,
Colorado,11292,DEN,Iowa,20500,,
Colorado,11292,DEN,Montana,20500,,
Montana,10849,BZN,Colorado,20500,,
Minnesota,13487,MSP,Colorado,20500,,
Kentucky,14730,SDF,Colorado,20500,,
Colorado,11292,DEN,Illinois,20500,,
Colorado,11292,DEN,Kentucky,20500,,
Colorado,11292,DEN,New Mexico,20500,,
New Mexico,10140,ABQ,Colorado,20500,,
Texas,11298,DFW,Colorado,20500,,
Colorado,11292,DEN,Texas,20500,,
Iowa,11003,CID,Colorado,20500,,
Indiana,12339,IND,Colorado,20500,,
Colorado,11292,DEN,Indiana,20500,,
Tennessee,13244,MEM,Colorado,20500,,
Colorado,11292,DEN,Minnesota,20500,,
Illinois,13930,ORD,Colorado,20500,,
Colorado,13502,MTJ,Illinois,20500,,
Tennessee,15412,TYS,Colorado,20500,,
Colorado,11292,DEN,Tennessee,20500,,
Ohio,11042,CLE,Colorado,20500,,
Texas,14683,SAT,Colorado,20500,,
Colorado,11292,DEN,Oklahoma,20500,,
Colorado,11292,DEN,Georgia,20500,,
Illinois,13367,MLI,Colorado,20500,,
Louisiana,13495,MSY,Colorado,20500,,
Kansas,12278,ICT,Colorado,20500,,
Kentucky,11193,CVG,Colorado,20500,,
Colorado,11292,DEN,Colorado,20500,,
Colorado,11292,DEN,Missouri,20500,,
Colorado,12094,HDN,Colorado,20500,,
Nebraska,13871,OMA,Colorado,20500,,
South Dakota,14457,RAP,Colorado,20500,,
Missouri,14783,SGF,Colorado,20500,,
Colorado,11292,DEN,Kansas,20500,,
Missouri,13198,MCI,Colorado,20500,,
Montana,13486,MSO,Colorado,20500,,
Colorado,11292,DEN,Nebraska,20500,,
Oklahoma,13851,OKC,Colorado,20500,,
Colorado,11503,EGE,Colorado,20500,,
Colorado,11292,DEN,Ohio,20500,,
Colorado,11292,DEN,South Dakota,20500,,
Georgia,10397,ATL,Colorado,20500,,
Missouri,15016,STL,Colorado,20500,,
Texas,10423,AUS,Colorado,20500,,
Wyoming,12441,JAC,Colorado,20500,,
Colorado,11292,DEN,Wyoming,20500,,
Ohio,11267,DAY,Colorado,20500,,
Colorado,13502,MTJ,Colorado,20500,,
Wyoming,11122,CPR,Colorado,20500,,
Colorado,11413,DRO,Colorado,20500,,
Colorado,10325,APA,Iowa,21080,,
Colorado,11292,DEN,Arizona,21161,,
Colorado,11292,DEN,Texas,21161,,
California,13796,OAK,Colorado,21161,,
Michigan,14275,PTK,Colorado,21161,,
Utah,14869,SLC,Colorado,21161,,
Colorado,11921,GJT,Utah,21161,,
Utah,11563,ENV,Colorado,21161,,
Colorado,11292,DEN,New York,21161,,
Colorado,11292,DEN,Oklahoma,21161,,
California,12892,LAX,Colorado,21167,,
Colorado,11921,GJT,California,21167,,
California,14771,SFO,Colorado,21171,,
Colorado,11292,DEN,California,21171,,
California,10800,BUR,Colorado,21352,,
Colorado,11503,EGE,California,21352,,
Colorado,10372,ASE,Utah,21352,,
Colorado,11292,DEN,Missouri,21477,,
Missouri,10643,BKG,Colorado,21477,,
Colorado,11292,DEN,Colorado,21599,,
Arizona,14107,PHX,Colorado,21599,,
Colorado,10950,CEZ,Arizona,21599,,
Colorado,10950,CEZ,Colorado,21599,,
Colorado,10272,ALS,New Mexico,21599,,
New Mexico,10140,ABQ,Colorado,21599,,
Colorado,11292,DEN,Nebraska,21599,,
Nebraska,10221,AIA,Colorado,21599,,
Nebraska,10925,CDR,Colorado,21599,,
Nebraska,13200,MCK,Colorado,21599,,
Utah,15582,VEL,Colorado,21599,,
Colorado,11292,DEN,Utah,21599,,
Utah,11092,CNY,Colorado,21599,,
Colorado,10272,ALS,Colorado,21599,,
Wisconsin,13342,MKE,Colorado,21635,,
Colorado,11292,DEN,Nevada,21635,,
Texas,10423,AUS,Colorado,21652,,
Illinois,13930,ORD,Colorado,21652,,
California,14831,SJC,Colorado,21652,,
Colorado,10325,APA,Texas,21652,,
Colorado,10325,APA,Ohio,21652,,
Colorado,10372,ASE,Texas,21652,,
,,,,,,
,,,,,,
,,,,,,
,,,,,,
,,,,,,
,,,,,,
,,,,,,
,,,,,,
,,,,,,
,,,,,,
,,,,,,
,,,,,,
,,,,,,
,,,,,,
,,,,,,
,,,,,,
,,,,,,
,,,,,,
,,,,,,
,,,,,,
,,,,,,
,,,,,,
,,,,,,
,,,,,,
,,,,,,
,,,,,,
,,,,,,
,,,,,,
,,,,,,
,,,,,,
,,,,,,
,,,,,,
,,,,,,
,,,,,,
,,,,,,
,,,,,,
,,,,,,
,,,,,,
,,,,,,
,,,,,,
,,,,,,
,,,,,,
,,,,,,
,,,,,,
,,,,,,
,,,,,,
,,,,,,
,,,,,,
,,,,,,
,,,,,,
,,,,,,
,,,,,,
,,,,,,
,,,,,,
,,,,,,
,,,,,,
,,,,,,
,,,,,,
,,,,,,
,,,,,,
,,,,,,
,,,,,,
,,,,,,
,,,,,,
,,,,,,
,,,,,,
,,,,,,
,,,,,,
,,,,,,
,,,,,,
,,,,,,
,,,,,,
,,,,,,
,,,,,,
,,,,,,
,,,,,,
,,,,,,
,,,,,,
,,,,,,
,,,,,,
,,,,,,
,,,,,,
,,,,,,
,,,,,,
,,,,,,
,,,,,,
,,,,,,
,,,,,,
,,,,,,
,,,,,,
,,,,,,
,,,,,,
,,,,,,
,,,,,,
,,,,,,
,,,,,,
,,,,,,
,,,,,,
,,,,,,
,,,,,,
,,,,,,
,,,,,,
,,,,,,
,,,,,,
,,,,,,
,,,,,,
,,,,,,
,,,,,,
,,,,,,
,,,,,,
,,,,,,
,,,,,,
,,,,,,
,,,,,,
,,,,,,
,,,,,,
,,,,,,
,,,,,,
,,,,,,
,,,,,,
,,,,,,
,,,,,,
,,,,,,
,,,,,,
,,,,,,
,,,,,,
,,,,,,
,,,,,,
,,,,,,
,,,,,,
,,,,,,
,,,,,,
,,,,,,
,,,,,,
,,,,,,
,,,,,,
,,,,,,
,,,,,,
,,,,,,
,,,,,,
,,,,,,
,,,,,,
,,,,,,
,,,,,,
,,,,,,
,,,,,,
,,,,,,
,,,,,,
,,,,,,
,,,,,,
,,,,,,
,,,,,,
,,,,,,
,,,,,,
,,,,,,
,,,,,,
,,,,,,
,,,,,,
,,,,,,
,,,,,,
,,,,,,
,,,,,,
,,,,,,
,,,,,,
,,,,,,
,,,,,,
,,,,,,
,,,,,,
,,,,,,
,,,,,,
,,,,,,
,,,,,,
,,,,,,
,,,,,,
,,,,,,
,,,,,,
,,,,,,
,,,,,,
,,,,,,
,,,,,,
,,,,,,
,,,,,,
,,,,,,
,,,,,,
,,,,,,
,,,,,,
,,,,,,
,,,,,,
,,,,,,
,,,,,,
,,,,,,
,,,,,,
,,,,,,
,,,,,,
,,,,,,
,,,,,,
,,,,,,
,,,,,,
,,,,,,
,,,,,,
,,,,,,
,,,,,,
,,,,,,
,,,,,,
,,,,,,
,,,,,,
,,,,,,
,,,,,,
,,,,,,
,,,,,,
,,,,,,
,,,,,,
,,,,,,
,,,,,,
,,,,,,
,,,,,,
,,,,,,
,,,,,,
,,,,,,
,,,,,,
,,,,,,
,,,,,,
,,,,,,
,,,,,,
,,,,,,
,,,,,,
,,,,,,
,,,,,,
,,,,,,
,,,,,,
,,,,,,
,,,,,,
,,,,,,
,,,,,,
,,,,,,
,,,,,,
,,,,,,
,,,,,,
,,,,,,
,,,,,,
,,,,,,
,,,,,,
,,,,,,
,,,,,,
,,,,,,
,,,,,,
,,,,,,
,,,,,,
,,,,,,
,,,,,,
,,,,,,
,,,,,,
,,,,,,
,,,,,,
,,,,,,
,,,,,,
,,,,,,
,,,,,,
,,,,,,
,,,,,,
,,,,,,
,,,,,,
,,,,,,
,,,,,,
,,,,,,
,,,,,,
,,,,,,
,,,,,,
,,,,,,
,,,,,,
,,,,,,
,,,,,,
,,,,,,
,,,,,,
,,,,,,
,,,,,,
,,,,,,
,,,,,,
,,,,,,
,,,,,,
,,,,,,
,,,,,,
,,,,,,
,,,,,,
,,,,,,
,,,,,,
,,,,,,
,,,,,,
,,,,,,
,,,,,,
,,,,,,
,,,,,,
,,,,,,
,,,,,,
,,,,,,
,,,,,,
,,,,,,
,,,,,,
,,,,,,
,,,,,,
,,,,,,
,,,,,,
,,,,,,
,,,,,,
,,,,,,
,,,,,,
,,,,,,
,,,,,,
,,,,,,
,,,,,,
,,,,,,
,,,,,,
,,,,,,
,,,,,,
,,,,,,
,,,,,,
,,,,,,
,,,,,,
,,,,,,
,,,,,,
,,,,,,
,,,,,,
,,,,,,
,,,,,,
,,,,,,
,,,,,,
,,,,,,
,,,,,,
,,,,,,
,,,,,,
,,,,,,
,,,,,,
,,,,,,
,,,,,,
,,,,,,
,,,,,,
,,,,,,
,,,,,,
,,,,,,
,,,,,,
,,,,,,
,,,,,,
,,,,,,
,,,,,,
,,,,,,
,,,,,,
,,,,,,
,,,,,,
,,,,,,
,,,,,,
,,,,,,
,,,,,,
,,,,,,
,,,,,,
,,,,,,
,,,,,,
,,,,,,
,,,,,,
,,,,,,
,,,,,,
,,,,,,
,,,,,,
,,,,,,
,,,,,,
,,,,,,
,,,,,,
,,,,,,
,,,,,,
,,,,,,
,,,,,,
,,,,,,
,,,,,,
,,,,,,
,,,,,,
,,,,,,
,,,,,,
,,,,,,
,,,,,,
,,,,,,
,,,,,,
,,,,,,
,,,,,,
,,,,,,
,,,,,,
,,,,,,
,,,,,,
,,,,,,
,,,,,,
,,,,,,
,,,,,,
,,,,,,
,,,,,,
,,,,,,
,,,,,,
,,,,,,
,,,,,,
,,,,,,
,,,,,,
,,,,,,
,,,,,,
,,,,,,
,,,,,,
,,,,,,
,,,,,,
,,,,,,
,,,,,,
,,,,,,
,,,,,,
,,,,,,
,,,,,,
,,,,,,
,,,,,,
,,,,,,
,,,,,,
,,,,,,
,,,,,,
,,,,,,
,,,,,,
,,,,,,
,,,,,,
,,,,,,
,,,,,,
,,,,,,
,,,,,,
,,,,,,
,,,,,,
,,,,,,
,,,,,,
,,,,,,
,,,,,,
,,,,,,
,,,,,,
,,,,,,
,,,,,,
,,,,,,
,,,,,,
,,,,,,
,,,,,,
,,,,,,
,,,,,,
,,,,,,
,,,,,,
,,,,,,
,,,,,,
,,,,,,
,,,,,,
,,,,,,
,,,,,,
,,,,,,
,,,,,,
,,,,,,
,,,,,,
,,,,,,
,,,,,,
,,,,,,
,,,,,,
,,,,,,
,,,,,,
,,,,,,
,,,,,,
,,,,,,
,,,,,,
,,,,,,
,,,,,,
,,,,,,
,,,,,,
,,,,,,
,,,,,,
,,,,,,
,,,,,,
,,,,,,
,,,,,,
,,,,,,
,,,,,,
,,,,,,
,,,,,,
,,,,,,
,,,,,,
,,,,,,
,,,,,,
,,,,,,
,,,,,,
,,,,,,
,,,,,,
,,,,,,
,,,,,,
,,,,,,
,,,,,,
,,,,,,
,,,,,,
,,,,,,
,,,,,,
,,,,,,
,,,,,,
,,,,,,
,,,,,,
,,,,,,
,,,,,,
,,,,,,
,,,,,,
,,,,,,
,,,,,,
,,,,,,
,,,,,,
,,,,,,
,,,,,,
,,,,,,
,,,,,,
,,,,,,
,,,,,,
,,,,,,
,,,,,,
,,,,,,
,,,,,,
,,,,,,
,,,,,,
,,,,,,
,,,,,,
,,,,,,
,,,,,,
,,,,,,
,,,,,,
,,,,,,
,,,,,,
,,,,,,
,,,,,,
,,,,,,
,,,,,,
,,,,,,
,,,,,,
,,,,,,
,,,,,,
,,,,,,
,,,,,,
,,,,,,
,,,,,,
,,,,,,
,,,,,,
,,,,,,
,,,,,,
,,,,,,
,,,,,,
,,,,,,
,,,,,,
,,,,,,
,,,,,,
,,,,,,
,,,,,,
,,,,,,
,,,,,,
,,,,,,
,,,,,,
,,,,,,
,,,,,,
,,,,,,
,,,,,,
,,,,,,
,,,,,,
,,,,,,
,,,,,,
,,,,,,
,,,,,,
,,,,,,
,,,,,,
,,,,,,
,,,,,,
,,,,,,
,,,,,,
,,,,,,
,,,,,,
,,,,,,
,,,,,,
,,,,,,
,,,,,,
,,,,,,
,,,,,,
,,,,,,
,,,,,,
,,,,,,
,,,,,,
,,,,,,
,,,,,,
,,,,,,
,,,,,,
,,,,,,
,,,,,,
,,,,,,
,,,,,,
,,,,,,
,,,,,,
,,,,,,
,,,,,,
,,,,,,
,,,,,,
,,,,,,
,,,,,,
,,,,,,
,,,,,,
,,,,,,
,,,,,,
,,,,,,
,,,,,,
,,,,,,
,,,,,,
,,,,,,
,,,,,,
,,,,,,
,,,,,,
,,,,,,
,,,,,,
,,,,,,
,,,,,,
,,,,,,
,,,,,,
,,,,,,
,,,,,,
,,,,,,
,,,,,,
,,,,,,
,,,,,,
,,,,,,
,,,,,,
,,,,,,
,,,,,,
,,,,,,
,,,,,,
,,,,,,
,,,,,,
,,,,,,
,,,,,,
,,,,,,
,,,,,,
,,,,,,
,,,,,,
,,,,,,
,,,,,,
,,,,,,
,,,,,,
,,,,,,
,,,,,,
,,,,,,
,,,,,,
,,,,,,
,,,,,,
,,,,,,
,,,,,,
,,,,,,
,,,,,,
,,,,,,
,,,,,,
,,,,,,
,,,,,,
,,,,,,
,,,,,,
,,,,,,
,,,,,,
,,,,,,
,,,,,,
,,,,,,
,,,,,,
,,,,,,
,,,,,,
,,,,,,
,,,,,,
,,,,,,
,,,,,,
,,,,,,
,,,,,,
,,,,,,
,,,,,,
,,,,,,
,,,,,,
,,,,,,
,,,,,,
,,,,,,
,,,,,,
,,,,,,
,,,,,,
,,,,,,
,,,,,,
,,,,,,
,,,,,,
,,,,,,
,,,,,,
,,,,,,
,,,,,,
,,,,,,
,,,,,,
,,,,,,
,,,,,,
,,,,,,
,,,,,,
,,,,,,
,,,,,,
,,,,,,
,,,,,,
,,,,,,
,,,,,,
,,,,,,
,,,,,,
,,,,,,
,,,,,,
,,,,,,
,,,,,,
,,,,,,
,,,,,,
,,,,,,
,,,,,,
,,,,,,
,,,,,,
,,,,,,
,,,,,,
,,,,,,
,,,,,,
,,,,,,
,,,,,,
,,,,,,
,,,,,,
,,,,,,
,,,,,,
,,,,,,
,,,,,,
,,,,,,
,,,,,,
,,,,,,
,,,,,,
,,,,,,
,,,,,,
,,,,,,
,,,,,,
,,,,,,
,,,,,,
,,,,,,
,,,,,,
,,,,,,
,,,,,,
,,,,,,
,,,,,,
,,,,,,
,,,,,,
,,,,,,
,,,,,,
,,,,,,
,,,,,,
,,,,,,
,,,,,,
,,,,,,
,,,,,,
,,,,,,
,,,,,,
,,,,,,
,,,,,,
,,,,,,
,,,,,,
,,,,,,
,,,,,,
,,,,,,
,,,,,,
,,,,,,
,,,,,,
,,,,,,
,,,,,,
,,,,,,
,,,,,,
,,,,,,
,,,,,,
,,,,,,
,,,,,,
,,,,,,
,,,,,,
,,,,,,
,,,,,,
,,,,,,
,,,,,,
,,,,,,
,,,,,,
,,,,,,
,,,,,,
,,,,,,
,,,,,,
,,,,,,
,,,,,,
,,,,,,
,,,,,,
,,,,,,
,,,,,,
,,,,,,
,,,,,,
,,,,,,
,,,,,,
,,,,,,
,,,,,,
,,,,,,
,,,,,,
,,,,,,
,,,,,,
,,,,,,
,,,,,,
,,,,,,
,,,,,,
,,,,,,
,,,,,,
,,,,,,
,,,,,,
,,,,,,
,,,,,,
,,,,,,
,,,,,,
,,,,,,
,,,,,,
,,,,,,
,,,,,,
,,,,,,
,,,,,,
,,,,,,
,,,,,,
,,,,,,
,,,,,,
,,,,,,
,,,,,,
,,,,,,
,,,,,,
,,,,,,
,,,,,,
,,,,,,
,,,,,,
,,,,,,
,,,,,,
,,,,,,
,,,,,,
,,,,,,
,,,,,,
,,,,,,
,,,,,,
,,,,,,
,,,,,,
,,,,,,
,,,,,,
,,,,,,
,,,,,,
,,,,,,
,,,,,,
,,,,,,
,,,,,,
,,,,,,
,,,,,,
,,,,,,
,,,,,,
,,,,,,
,,,,,,
,,,,,,
,,,,,,
,,,,,,
,,,,,,
,,,,,,
,,,,,,
,,,,,,
,,,,,,
,,,,,,
,,,,,,
,,,,,,
,,,,,,
,,,,,,
,,,,,,
,,,,,,
,,,,,,
,,,,,,
,,,,,,
,,,,,,
,,,,,,
,,,,,,
,,,,,,
,,,,,,
,,,,,,
,,,,,,
,,,,,,
,,,,,,
,,,,,,
,,,,,,
,,,,,,
,,,,,,
,,,,,,
,,,,,,
,,,,,,
,,,,,,
,,,,,,
,,,,,,
,,,,,,
,,,,,,
,,,,,,
,,,,,,
,,,,,,
,,,,,,
,,,,,,
,,,,,,
,,,,,,
,,,,,,
,,,,,,
,,,,,,
,,,,,,
,,,,,,
,,,,,,
,,,,,,
,,,,,,
,,,,,,
,,,,,,
,,,,,,
,,,,,,
,,,,,,
,,,,,,
,,,,,,
,,,,,,
,,,,,,
,,,,,,
,,,,,,
,,,,,,
,,,,,,
,,,,,,
,,,,,,
,,,,,,
,,,,,,
,,,,,,
,,,,,,
,,,,,,
,,,,,,
,,,,,,
,,,,,,
,,,,,,
,,,,,,
,,,,,,
,,,,,,
,,,,,,
,,,,,,
,,,,,,
,,,,,,
,,,,,,
,,,,,,
,,,,,,
,,,,,,
,,,,,,
,,,,,,
,,,,,,
,,,,,,
,,,,,,
,,,,,,
,,,,,,
,,,,,,
,,,,,,
,,,,,,
,,,,,,
,,,,,,
,,,,,,
,,,,,,
,,,,,,
,,,,,,
,,,,,,
,,,,,,
,,,,,,
,,,,,,
,,,,,,
,,,,,,
,,,,,,
,,,,,,
,,,,,,
,,,,,,
,,,,,,
,,,,,,
,,,,,,
,,,,,,
,,,,,,
,,,,,,
,,,,,,
,,,,,,
,,,,,,
,,,,,,
,,,,,,
,,,,,,
,,,,,,
,,,,,,
,,,,,,
,,,,,,
,,,,,,
,,,,,,
,,,,,,
,,,,,,
,,,,,,
,,,,,,
,,,,,,
,,,,,,
,,,,,,
,,,,,,
,,,,,,
,,,,,,
,,,,,,
,,,,,,
,,,,,,
,,,,,,
,,,,,,
,,,,,,
,,,,,,
,,,,,,
,,,,,,
,,,,,,
,,,,,,
,,,,,,
,,,,,,
,,,,,,
,,,,,,
,,,,,,
,,,,,,
,,,,,,
,,,,,,
,,,,,,
,,,,,,
,,,,,,
,,,,,,
,,,,,,
,,,,,,
,,,,,,
,,,,,,
,,,,,,
,,,,,,
,,,,,,
,,,,,,
,,,,,,
,,,,,,
,,,,,,
,,,,,,
,,,,,,
,,,,,,
,,,,,,
,,,,,,
,,,,,,
,,,,,,
,,,,,,
,,,,,,
,,,,,,
,,,,,,
,,,,,,
,,,,,,
,,,,,,
,,,,,,
,,,,,,
,,,,,,
,,,,,,
,,,,,,
,,,,,,
,,,,,,
,,,,,,
,,,,,,
,,,,,,
,,,,,,
,,,,,,
,,,,,,
,,,,,,
,,,,,,
,,,,,,
,,,,,,
,,,,,,
,,,,,,
,,,,,,
,,,,,,
,,,,,,
,,,,,,
,,,,,,
,,,,,,
,,,,,,
,,,,,,
,,,,,,
,,,,,,
,,,,,,
,,,,,,
,,,,,,
,,,,,,
,,,,,,
,,,,,,
,,,,,,
,,,,,,
,,,,,,
,,,,,,
,,,,,,
,,,,,,
,,,,,,
,,,,,,
,,,,,,
,,,,,,
,,,,,,
,,,,,,
,,,,,,
,,,,,,
,,,,,,
,,,,,,
,,,,,,
,,,,,,
,,,,,,
,,,,,,
,,,,,,
,,,,,,
,,,,,,
,,,,,,
,,,,,,
,,,,,,
,,,,,,
,,,,,,
,,,,,,
,,,,,,
,,,,,,
,,,,,,
,,,,,,
,,,,,,
,,,,,,
,,,,,,
,,,,,,
,,,,,,
,,,,,,
,,,,,,
,,,,,,
,,,,,,
,,,,,,
,,,,,,
,,,,,,
,,,,,,
,,,,,,
,,,,,,
,,,,,,
,,,,,,
,,,,,,
,,,,,,
,,,,,,
,,,,,,
,,,,,,
,,,,,,
,,,,,,
,,,,,,
,,,,,,
,,,,,,
,,,,,,
,,,,,,
,,,,,,
,,,,,,
,,,,,,
,,,,,,
,,,,,,
,,,,,,
,,,,,,
,,,,,,
,,,,,,
,,,,,,
,,,,,,
,,,,,,
,,,,,,
,,,,,,
,,,,,,
,,,,,,
,,,,,,
,,,,,,
,,,,,,
,,,,,,
,,,,,,
,,,,,,
,,,,,,
,,,,,,
,,,,,,
,,,,,,
,,,,,,
,,,,,,
,,,,,,
,,,,,,
,,,,,,
,,,,,,
,,,,,,
,,,,,,
,,,,,,
,,,,,,
,,,,,,
,,,,,,
,,,,,,
,,,,,,
,,,,,,
,,,,,,
,,,,,,
,,,,,,
,,,,,,
,,,,,,
,,,,,,
,,,,,,
,,,,,,
,,,,,,
,,,,,,
,,,,,,
,,,,,,
,,,,,,
,,,,,,
,,,,,,
,,,,,,
,,,,,,
,,,,,,
,,,,,,
,,,,,,
,,,,,,
,,,,,,
,,,,,,
,,,,,,
,,,,,,
,,,,,,
,,,,,,
,,,,,,
,,,,,,
,,,,,,
,,,,,,
,,,,,,
,,,,,,
,,,,,,
,,,,,,
,,,,,,
,,,,,,
,,,,,,
,,,,,,
,,,,,,
,,,,,,
,,,,,,
,,,,,,
,,,,,,
,,,,,,
,,,,,,
,,,,,,
,,,,,,
,,,,,,
,,,,,,
,,,,,,
,,,,,,
,,,,,,
,,,,,,
,,,,,,
,,,,,,
,,,,,,
,,,,,,
,,,,,,
,,,,,,
,,,,,,
,,,,,,
,,,,,,
,,,,,,
,,,,,,
,,,,,,
,,,,,,
,,,,,,
,,,,,,
,,,,,,
,,,,,,
,,,,,,
,,,,,,
,,,,,,
,,,,,,
,,,,,,
,,,,,,
,,,,,,
,,,,,,
,,,,,,
,,,,,,
,,,,,,
,,,,,,
,,,,,,
,,,,,,
,,,,,,
,,,,,,
,,,,,,
,,,,,,
,,,,,,
,,,,,,
,,,,,,
,,,,,,
,,,,,,
,,,,,,
,,,,,,
,,,,,,
,,,,,,
,,,,,,
,,,,,,
,,,,,,
,,,,,,
,,,,,,
,,,,,,
,,,,,,
,,,,,,
,,,,,,
,,,,,,
,,,,,,
,,,,,,
,,,,,,
,,,,,,
,,,,,,
,,,,,,
,,,,,,
,,,,,,
,,,,,,
,,,,,,
,,,,,,
,,,,,,
,,,,,,
,,,,,,
,,,,,,
,,,,,,
,,,,,,
,,,,,,
,,,,,,
,,,,,,
,,,,,,
,,,,,,
,,,,,,
,,,,,,
,,,,,,
,,,,,,
,,,,,,
,,,,,,
,,,,,,
,,,,,,
,,,,,,
,,,,,,
,,,,,,
,,,,,,
,,,,,,
,,,,,,
,,,,,,
,,,,,,
,,,,,,
,,,,,,
,,,,,,
,,,,,,
,,,,,,
,,,,,,
,,,,,,
,,,,,,
,,,,,,
,,,,,,
,,,,,,
,,,,,,
,,,,,,
,,,,,,
,,,,,,
,,,,,,
,,,,,,
,,,,,,
,,,,,,
,,,,,,
,,,,,,
,,,,,,
,,,,,,
,,,,,,
,,,,,,
,,,,,,
,,,,,,
,,,,,,
,,,,,,
,,,,,,
,,,,,,
,,,,,,
,,,,,,
,,,,,,
,,,,,,
,,,,,,
,,,,,,
,,,,,,
,,,,,,
,,,,,,
,,,,,,
,,,,,,
,,,,,,
,,,,,,
,,,,,,
,,,,,,
,,,,,,
,,,,,,
,,,,,,
,,,,,,
,,,,,,
,,,,,,
,,,,,,
,,,,,,
,,,,,,
,,,,,,
,,,,,,
,,,,,,
,,,,,,
,,,,,,
,,,,,,
,,,,,,
,,,,,,
,,,,,,
,,,,,,
,,,,,,
,,,,,,
,,,,,,
,,,,,,
,,,,,,
,,,,,,
,,,,,,
,,,,,,
,,,,,,
,,,,,,
,,,,,,
,,,,,,
,,,,,,
,,,,,,
,,,,,,
,,,,,,
,,,,,,
,,,,,,
,,,,,,
,,,,,,
,,,,,,
,,,,,,
,,,,,,
,,,,,,
,,,,,,
,,,,,,
,,,,,,
,,,,,,
,,,,,,
,,,,,,
,,,,,,
,,,,,,
,,,,,,
,,,,,,
,,,,,,
,,,,,,
,,,,,,
,,,,,,
,,,,,,
,,,,,,
,,,,,,
,,,,,,
,,,,,,
,,,,,,
,,,,,,
,,,,,,
,,,,,,
,,,,,,
,,,,,,
,,,,,,
,,,,,,
,,,,,,
,,,,,,
,,,,,,
,,,,,,
,,,,,,
,,,,,,
,,,,,,
,,,,,,
,,,,,,
,,,,,,
,,,,,,
,,,,,,
,,,,,,
,,,,,,
,,,,,,
,,,,,,
,,,,,,
,,,,,,
,,,,,,
,,,,,,
,,,,,,
,,,,,,
,,,,,,
,,,,,,
,,,,,,
,,,,,,
,,,,,,
,,,,,,
,,,,,,
,,,,,,
,,,,,,
,,,,,,
,,,,,,
,,,,,,
,,,,,,
,,,,,,
,,,,,,
,,,,,,
,,,,,,
,,,,,,
,,,,,,
,,,,,,
,,,,,,
,,,,,,
,,,,,,
,,,,,,
,,,,,,
,,,,,,
,,,,,,
,,,,,,
,,,,,,
,,,,,,
,,,,,,
,,,,,,
,,,,,,
,,,,,,
,,,,,,
,,,,,,
,,,,,,
,,,,,,
,,,,,,
,,,,,,
,,,,,,
,,,,,,
,,,,,,
,,,,,,
,,,,,,
,,,,,,
,,,,,,
,,,,,,
,,,,,,
,,,,,,
,,,,,,
,,,,,,
,,,,,,
,,,,,,
,,,,,,
,,,,,,
,,,,,,
,,,,,,
,,,,,,
,,,,,,
,,,,,,
,,,,,,
,,,,,,
,,,,,,
,,,,,,
,,,,,,
,,,,,,
,,,,,,
,,,,,,
,,,,,,
,,,,,,
,,,,,,
,,,,,,
,,,,,,
,,,,,,
,,,,,,
,,,,,,
,,,,,,
,,,,,,
,,,,,,
,,,,,,
,,,,,,
,,,,,,
,,,,,,
,,,,,,
,,,,,,
,,,,,,
,,,,,,
,,,,,,
,,,,,,
,,,,,,
,,,,,,
,,,,,,
,,,,,,
,,,,,,
,,,,,,
,,,,,,
,,,,,,
,,,,,,
,,,,,,
,,,,,,
,,,,,,
,,,,,,
,,,,,,
,,,,,,
,,,,,,
,,,,,,
,,,,,,
,,,,,,
,,,,,,
,,,,,,
,,,,,,
,,,,,,
,,,,,,
,,,,,,
,,,,,,
,,,,,,
,,,,,,
,,,,,,
,,,,,,
,,,,,,
,,,,,,
,,,,,,
,,,,,,
,,,,,,
,,,,,,
,,,,,,
,,,,,,
,,,,,,
,,,,,,
,,,,,,
,,,,,,
,,,,,,
,,,,,,
,,,,,,
,,,,,,
,,,,,,
,,,,,,
,,,,,,
,,,,,,
,,,,,,
,,,,,,
,,,,,,
,,,,,,
,,,,,,
,,,,,,
,,,,,,
,,,,,,
,,,,,,
,,,,,,
,,,,,,
,,,,,,
,,,,,,
,,,,,,
,,,,,,
,,,,,,
,,,,,,
,,,,,,
,,,,,,
,,,,,,
,,,,,,
,,,,,,
,,,,,,
,,,,,,
,,,,,,
,,,,,,
,,,,,,
,,,,,,
,,,,,,
,,,,,,
,,,,,,
,,,,,,
,,,,,,
,,,,,,
,,,,,,
,,,,,,
,,,,,,
,,,,,,
,,,,,,
,,,,,,
,,,,,,
,,,,,,
,,,,,,
,,,,,,
,,,,,,
,,,,,,
,,,,,,
,,,,,,
,,,,,,
,,,,,,
,,,,,,
,,,,,,
,,,,,,
,,,,,,
,,,,,,
,,,,,,
,,,,,,
,,,,,,
,,,,,,
,,,,,,
,,,,,,
,,,,,,
,,,,,,
,,,,,,
,,,,,,
,,,,,,
,,,,,,
,,,,,,
,,,,,,
,,,,,,
,,,,,,
,,,,,,
,,,,,,
,,,,,,
,,,,,,
,,,,,,
,,,,,,
,,,,,,
,,,,,,
,,,,,,
,,,,,,
,,,,,,
,,,,,,
,,,,,,
,,,,,,
,,,,,,
,,,,,,
,,,,,,
,,,,,,
,,,,,,
,,,,,,
,,,,,,
,,,,,,
,,,,,,
,,,,,,
,,,,,,
,,,,,,
,,,,,,
,,,,,,
,,,,,,
,,,,,,
,,,,,,
,,,,,,
,,,,,,
,,,,,,
,,,,,,
,,,,,,
,,,,,,
,,,,,,
,,,,,,
,,,,,,
,,,,,,
,,,,,,
,,,,,,
,,,,,,
,,,,,,
,,,,,,
,,,,,,
,,,,,,
,,,,,,
,,,,,,
,,,,,,
,,,,,,
,,,,,,
,,,,,,
,,,,,,
,,,,,,
,,,,,,
,,,,,,
,,,,,,
,,,,,,
,,,,,,
,,,,,,
,,,,,,
,,,,,,
,,,,,,
,,,,,,
,,,,,,
,,,,,,
,,,,,,
,,,,,,
,,,,,,
,,,,,,
,,,,,,
,,,,,,
,,,,,,
,,,,,,
,,,,,,
,,,,,,
,,,,,,
,,,,,,
,,,,,,
,,,,,,
,,,,,,
,,,,,,
,,,,,,
,,,,,,
