Unique_Carrier_Entity,Unique_Carrier,Unique_Carrier_Name,,
1006,VX,Virgin America,,
1100,Z3,"PM Air, LLC",,
1113,HBQ,Harris Air Services,,
1124,GG,"Cargo 360, Inc.",,
1126,04Q,Tradewind Aviation,,
1127,UH,US Helicopter Corporation,,
1129,3F,"Pacific Airways, Inc.",,
1130,09Q,"Swift Air, LLC",,
1131,CP,Compass Airlines,,
1133,SX,"Skybus Airlines, Inc.",,
1136,0GQ,"Inter Island Airways, d/b/a Inter Island Air",,
1139,L3,Lynx Aviation d/b/a Frontier Airlines,,
1141,KLQ,Kalitta Charters II,,
1142,0JQ,Vision Airlines,,
1143,MW,"Mokulele Flight Services, Inc.",,
1145,0MQ,"Multi-Aero, Inc. d/b/a Air Choice One",,
1146,KH,Aloha Air Cargo,,
1148,WV,"Air Greco, Inc., d/b/a Wings Air",,
1150,0WQ,Avjet Corporation,,
1151,X4,Air Excursions LLC,,
1154,PM,"Prescott Support Company, Inc.",,
1155,PM,"Prescott Support Company, Inc.",,
1158,1AQ,Via Airlines d/b/a Charter Air Transport,,
1159,1BQ,"Dynamic Airways, LLC",,
1161,1DQ,Island Airlines LLC,,
1162,1EQ,"KaiserAir, Inc.",,
1163,1FQ,Alsek Air,,
1164,1BQ,"Dynamic Airways, LLC",,
1165,1MQ,Twin Cities Air Service LLC,,
1166,1PQ,Makani Kai Air Charters,,
1167,1QQ,City Wings Inc dba Seaflight,,
1168,1RQ,Sun Air Express LLC dba Sun Air International,,
1169,1SQ,Star Marianas Air Inc.,,
1173,RVQ,"Reeve Air Alaska, LLC",,
1175,I4,Scott Air LLC dba Island Air Express,,
1176,1WQ,Ultimate JetCharters LLC dba Ultimate Air Shuttle,,
1177,4B,Boutique Air,,
1180,1YQ,"Air Charter, Inc d/b/a Air Flamenco",,
1183,KD,Western Global,,
1184,20Q,Orange Air,,
1185,20Q,Orange Air,,
1189,LF,CFM Inc d/b/a Contour Airlines,,
1190,22Q,Gem Air LLC,,
1192,23Q,Songbird Airways Inc.,,
1193,EE,Eastern Airlines Group Inc.,,
1194,27Q,"Jet Aviation Flight Services, Inc.",,
1195,28Q,Menagerie Enterprises Inc d/b/a Monarch Air,,
1196,29Q,Erickson Helicopters,,
1198,2DQ,Aviation Partners of Boynton Beach LLC d/b/a Hummingbird Air,,
1199,2EQ,"J&M Alaska Air Tours, Inc. d/b/a Alaska Air Transit",,
1200,2HQ,Elite Airways LLC,,
1201,2HQ,Elite Airways LLC,,
1202,2JQ,Delux Public Charter LLC,,
1203,2LQ,Tropic Ocean Airways LLC,,
1205,2NQ,LIMA NY Corp d/b/a Fly The Whale d/b/a Tailwind,,
1206,2PQ,21 Air LLC,,
1207,2PQ,21 Air LLC,,
1209,2TQ,Trans Northern Airways d/b/a Air Unlimited Charter Services,,
1210,0FQ,"Maine Aviation Aircraft Charter, LLC",,
1212,K2,"Paklook Air, Inc d/b/a/ Airlift Alaska",,
1216,30Q,"Public Charters, Inc. d/b/a North Country Sky d/b/a Regional Sky d/b/a Texas Sky",,
1220,CO,Continental Air Lines Inc.,,
1221,34Q,"Polaris Aviation Solutions, LLC",,
1223,34Q,"Polaris Aviation Solutions, LLC",,
1260,DL,Delta Air Lines Inc.,,
1600,NW,Northwest Airlines Inc.,,
1656,PA (1),Pan American World Airways (1),,
1930,WA (1),Western Air Lines Inc.,,
2040,US,US Airways Inc.,,
2120,BN (1),Braniff Inc.,,
2330,FL (1),Frontier Airlines Inc. (1),,
2625,OZ (1),Ozark Air Lines Inc. (1),,
2680,PI,Piedmont Aviation Inc.,,
2750,RC,Republic Airlines Inc.,,
2849,TV (1),Transamerica Airlines Inc.,,
4350,BF,Markair Inc.,,
4530,XY,Munz Northern Airlines Inc.,,
4590,WC,Wien Air Alaska Inc.,,
4720,RV (1),Reeve Aleutian Airways Inc.,,
5045,AQ,Aloha Airlines Inc.,,
5375,HA,Hawaiian Airlines Inc.,,
6000,ZA,Accessair Holdings,,
6001,TPQ,Aerial Transit Company,,
6002,TPQ,Aerial Transit Company,,
6003,YX,Republic Airlines,,
6004,F2,Omega Air Holdings d/b/a Focus Air,,
6006,F2,Omega Air Holdings d/b/a Focus Air,,
6007,PTQ,Flight International,,
6008,PTQ,Flight International,,
6009,CC (1),Air Atlanta Inc.,,
6010,OC,Air California Inc.,,
6012,AHC,Air Hawaii,,
6013,UX (1),Air Illinois Inc.,,
6014,CB,Air One Inc.,,
6015,QH,Air Florida Inc.,,
6018,TNQ,Emery Worldwide Airlines,,
6019,KO,Alaska Central Express,,
6020,ZW,Air Wisconsin Airlines Corp,,
6021,XYZ,Airpac Inc.,,
6022,MKQ,Airmark Corporation,,
6023,MKQ,Airmark Corporation,,
6024,ZW,Air Wisconsin Airlines Corp,,
6025,AHQ,Air National,,
6026,FD,Air Puerto Rico Airlines,,
6027,FD,Air Puerto Rico Airlines,,
6028,8C,Air Transport International,,
6029,8C,Air Transport International,,
6030,FL,AirTran Airways Corporation,,
6031,AS,Alaska Airlines Inc.,,
6032,WV (1),Air South Inc. (1),,
6033,EP,All Star Airlines Inc.,,
6034,EP,All Star Airlines Inc.,,
6035,G4,Allegiant Air,,
6036,A7 (1),Air 21,,
6037,RL,UltrAir,,
6038,SLQ,Sky King Inc.,,
6039,SLQ,Sky King Inc.,,
6041,BNQ,NetJets Large Aircraft Company L.L.C.,,
6042,NI (1),American International Airways Inc.,,
6043,NI (1),American International Airways Inc.,,
6044,CZQ,Aviation Concepts,,
6045,CZQ,Aviation Concepts,,
6047,TZ,ATA Airlines d/b/a ATA,,
6048,TZ,ATA Airlines d/b/a ATA,,
6049,HP,America West Airlines Inc.,,
6051,M6,Amerijet International,,
6052,M6,Amerijet International,,
6053,AKQ,Airmark Airlines Inc.,,
6054,AKQ,Airmark Airlines Inc.,,
6055,AMQ,Ameristar Air Cargo,,
6057,RAQ,Arista International Airlines Inc.,,
6058,RAQ,Arista International Airlines Inc.,,
6060,JW,Arrow Air Inc.,,
6061,JW,Arrow Air Inc.,,
6069,PFQ,Asia Pacific,,
6070,PFQ,Asia Pacific,,
6075,APN,Aspen Airways Inc.,,
6076,WL,"Caribbean Sun Airlines, Inc. d/b/a World Atlantic Airlines",,
6077,WL,"Caribbean Sun Airlines, Inc. d/b/a World Atlantic Airlines",,
6080,ZY,Atlantic Gulf Airlines,,
6081,AJQ,Aerodynamics Inc. d/b/a SkyValue d/b/a SkyValue Airways,,
6085,EV,ExpressJet Airlines Inc.,,
6086,5Y,Atlas Air Inc.,,
6087,5Y,Atlas Air Inc.,,
6091,HCQ,Av Atlantic,,
6092,HCQ,Av Atlantic,,
6093,5B,Bellair Inc.,,
6095,IW (1),Best Airlines Inc.,,
6110,BUQ (1),Blue Bell Inc.,,
6111,BUQ (1),Blue Bell Inc.,,
6120,BE,Braniff International Airlines Inc.,,
6130,XE,ExpressJet Airlines Inc. (1),,
6136,BFQ,Buffalo Airways Inc.,,
6137,BFQ,Buffalo Airways Inc.,,
6140,HQ (1),Business Express,,
6143,XP,XTRA Airways,,
6144,XP,XTRA Airways,,
6150,CL,Capitol International Inc.,,
6159,CPQ,Capitol Air Express Inc.,,
6160,CPQ,Capitol Air Express Inc.,,
6164,PT (1),Capital Cargo International,,
6165,PT (1),Capital Cargo International,,
6166,C8 (1),Chicago Express Airlines,,
6170,ER,"Astar USA, LLC",,
6175,CTQ,Custom Air Transport,,
6178,WE,Centurion Cargo Inc.,,
6179,WE,Centurion Cargo Inc.,,
6180,CZ (1),Cascade Airways Inc.,,
6181,VV (2),Challenge Air International Inc.,,
6182,VV (2),Challenge Air International Inc.,,
6183,VV (1),Challenge Air Transport Inc.,,
6184,VV (1),Challenge Air Transport Inc.,,
6185,CJ,Colgan Airways Inc.,,
6186,OH (1),Comair Inc.,,
6187,XE,ExpressJet Airlines Inc. (1),,
6188,4S (1),Conner Air Lines Inc.,,
6189,4S (1),Conner Air Lines Inc.,,
6191,CDQ,Kitty Hawk International,,
6194,DH (1),Discovery Airways Inc.,,
6195,OD,Emerald Airlines Inc.,,
6196,OW,Executive Airlines,,
6197,EZ,Evergreen International Inc.,,
6198,EZ,Evergreen International Inc.,,
6200,FX,Federal Express Corporation,,
6201,ZO,Florida Express Inc.,,
6202,FFQ,Five Star Airlines,,
6203,FFQ,Five Star Airlines,,
6205,8N,Flagship Airlines Inc.,,
6206,FH,Frontier Horizon Inc.,,
6220,KP,Kiwi International,,
6279,V9,Eagle Airlines,,
6280,V9,Eagle Airlines,,
6290,W9,Eastwind Airlines Inc.,,
6299,EM,Empire Airlines Inc.,,
6300,EM,Empire Airlines Inc.,,
6399,FCQ,Falcon Air Express,,
6400,FCQ,Falcon Air Express,,
6450,FNQ,Fine Airlines Inc.,,
6451,FNQ,Fine Airlines Inc.,,
6460,F9,Frontier Airlines Inc.,,
6500,GAQ,Galaxy Airlines Inc.,,
6501,GAQ,Galaxy Airlines Inc.,,
6510,GR,Gemini Air Cargo Airways,,
6534,GIQ,Global International Airways Corp.,,
6535,GIQ,Global International Airways Corp.,,
6540,QD,Grand Airways Inc.,,
6549,FDQ,Great American Airways,,
6550,FDQ,Great American Airways,,
6560,GF (1),Gulf Air Transport Inc.,,
6561,GF (1),Gulf Air Transport Inc.,,
6564,GFQ,Gulf And Caribbean Cargo,,
6565,GFQ,Gulf And Caribbean Cargo,,
6570,HX (1),Guy-America Airways Inc.,,
6580,QX,Horizon Air,,
6610,INQ,Independent Air Inc.,,
6611,INQ,Independent Air Inc.,,
6619,XPQ,International Cargo Xpress,,
6620,XPQ,International Cargo Xpress,,
6624,IRQ,Interstate Airlines Inc.,,
6625,IRQ,Interstate Airlines Inc.,,
6630,IDQ,Intl Air Service Co. Ltd.,,
6669,TRI,Great Plains Airlines Inc.,,
6670,SI (1),Jet America Airlines Inc.,,
6673,B6,JetBlue Airways,,
6675,TJ,Jet Charter Service Inc.,,
6676,TJ,Jet Charter Service Inc.,,
6677,JIQ,Jet Fleet Intl. Airlines,,
6678,JIQ,Jet Fleet Intl. Airlines,,
6680,LF (1),Jettrain Airlines,,
6681,JKQ,Express One International Inc.,,
6682,JKQ,Express One International Inc.,,
6683,KAQ,Kalitta Air LLC,,
6684,KAQ,Kalitta Air LLC,,
6685,ZN,Key Airlines Inc.,,
6687,KR,Kitty Hawk Aircargo,,
6688,KR,Kitty Hawk Aircargo,,
6689,YV,Mesa Airlines Inc.,,
6690,GL,Miami Air International,,
6691,GL,Miami Air International,,
6692,XJ,Mesaba Airlines,,
6693,JI (1),Midway Airlines Inc.,,
6694,LC (2),Legend Airlines,,
6695,KN,Morris Air Corporation,,
6696,6F,Laker Airways Inc.,,
6697,6F,Laker Airways Inc.,,
6698,LOQ,Lorair Ltd.,,
6699,L2,Lynden Air Cargo Airlines,,
6700,OO,SkyWest Airlines Inc.,,
6701,LBQ,Millon Air Inc.,,
6702,LBQ,Millon Air Inc.,,
6705,VL,Mid-South Aviation Inc.,,
6706,YX (1),"Midwest Airline, Inc.",,
6707,2M,Midway Express Airlines,,
6708,MC,Transtar Airlines Corp.,,
6709,QS (1),Northeastern International Airways,,
6710,MPA,Mid Pacific Airlines Inc.,,
6711,MU (1),Mcclain Airlines Inc.,,
6712,UR,Empire Airlines Inc. (1),,
6716,ML (1),Midway Airlines Inc. (1),,
6719,NY,New York Air Inc.,,
6720,PS (1),Pacific Southwest Airlines,,
6721,NC,Northern Air Cargo Inc.,,
6722,PMT,Pilgrim Aviation & Airlines,,
6723,THQ,T-Bird Air Inc.,,
6725,WN,Southwest Airlines Co.,,
6726,THQ,T-Bird Air Inc.,,
6727,OPQ,Orion Air,,
6728,OPQ,Orion Air,,
6729,MG,Champion Air,,
6730,NA,North American Airlines,,
6733,N5 (1),Nations Air Express Inc.,,
6734,JK (1),Sunworld International Airways Inc.,,
6736,X9,Omni Air International LLC,,
6737,N7,National Airlines,,
6738,X9,Omni Air International LLC,,
6740,UNQ,Overseas National Airways,,
6743,6P,Pacific East Air Inc.,,
6745,VB (1),Pacific Express,,
6746,PRQ,Florida West Airlines Inc.,,
6747,PRQ,Florida West Airlines Inc.,,
6748,KW,Carnival Air Lines Inc.,,
6749,PN,Pan American Airways Corp.,,
6750,PE (1),People Express Airlines Inc.,,
6751,KW,Carnival Air Lines Inc.,,
6752,PN,Pan American Airways Corp.,,
6753,OI,Prestige Airways,,
6754,PAQ,Patriot Airlines Inc.,,
6755,PAQ,Patriot Airlines Inc.,,
6756,PKQ,Skyworld Airlines Inc.,,
6757,TW,Trans World Airways LLC,,
6758,PO,Polar Air Cargo Airways,,
6759,XV,Presidential Airways Inc.,,
6761,5J (1),Private Jet Expeditions,,
6762,5J (1),Private Jet Expeditions,,
6764,PCQ,Pace Airlines,,
6765,PCQ,Pace Airlines,,
6766,PA (2),Pan American World Airways,,
6767,PNQ,Panagra Airways,,
6768,PNQ,Panagra Airways,,
6769,P9,Pro Air Inc.,,
6770,4R,Regent Air Corporation,,
6771,REQ,Renown Aviation,,
6772,REQ,Renown Aviation,,
6773,RLQ,Reliant Airlines,,
6774,KLQ,Kalitta Charters II,,
6775,QQ,Reno Air Inc.,,
6776,PLQ,Planet Airways,,
6777,PLQ,Planet Airways,,
6785,YM,Royal West Airlines,,
6788,RAY,Royale Airlines Inc.,,
6789,RD,Ryan International Airlines,,
6790,RD,Ryan International Airlines,,
6791,RD,Ryan International Airlines,,
6792,WS (1),Suncoast Airlines Inc.,,
6793,WS (1),Suncoast Airlines Inc.,,
6794,SY,Sun Country Airlines d/b/a MN Airlines,,
6795,SY,Sun Country Airlines d/b/a MN Airlines,,
6796,SPQ,Sun Pacific International,,
6797,SPQ,Sun Pacific International,,
6798,SI,Sierra Pacific Airlines,,
6799,1I,Sky Trek International Airlines,,
6800,7S (1),Skystar International Inc.,,
6801,7S (1),Skystar International Inc.,,
6802,1I,Sky Trek International Airlines,,
6805,FW,Skybus Inc.,,
6815,AMQ,Ameristar Air Cargo,,
6818,SNB,Ccair,,
6819,SEB,Seaborne Aviation,,
6820,MQ,Envoy Air,,
6824,SFQ,Pacific International Airlines Inc.,,
6825,SFQ,Pacific International Airlines Inc.,,
6829,EWA,Rio Grande Air,,
6830,NK,Spirit Air Lines,,
6840,9S,Southern Air Inc.,,
6841,9S,Southern Air Inc.,,
6847,ASW,Sunrise Airlines Inc.,,
6850,JX,Southeast Airlines,,
6852,SM,Sunworld International Airlines,,
6853,SM,Sunworld International Airlines,,
6855,FF,Tower Air Inc.,,
6860,5V,Tatonduk Outfitters Limited d/b/a Everts Air Alaska and Everts Air Cargo,,
6870,LP (1),The Hawaii Express Inc.,,
6879,GM,Air America,,
6880,GM,Air America,,
6882,WI,Sky Lease Cargo,,
6883,TSQ,TPI International Airways,,
6884,WI,Sky Lease Cargo,,
6885,T9,TransMeridian Airlines,,
6886,T9,TransMeridian Airlines,,
6888,3M,Silver Airways,,
6889,TKQ,Trans-Air-Link Corporation,,
6890,TKQ,Trans-Air-Link Corporation,,
6891,2U,Valley Air Express Inc.,,
6892,ECQ,Trans American Charter,,
6893,ECQ,Trans American Charter,,
6894,OZA,Ozark Air Lines Inc.,,
6895,TCQ,Express.Net Airlines,,
6896,TCQ,Express.Net Airlines,,
6898,T3,Tristar Airlines Inc.,,
6899,K7,Arizona Express,,
6900,TFQ,Trans International Airlines Inc.,,
6901,WST,Friday Harbor Seaplanes,,
6902,WRD,Ward Air,,
6903,VQ,Vintage Props & Jets Inc.,,
6904,AX,Trans States Airlines,,
6905,GG (1),Tropical Airways Inc.,,
6906,GG (1),Tropical Airways Inc.,,
6907,TB (1),USAir Shuttle,,
6908,U2,UFS Inc.,,
6909,AL,Skyway Airlines,,
6910,5X,United Parcel Service,,
6911,S5,Shuttle America Corp.,,
6912,U7,USA Jet Airlines Inc.,,
6913,SMO,Samoa Aviation Inc.,,
6914,NJ,Vanguard Airlines Inc.,,
6915,UTQ,Universal Airlines Inc.,,
6916,E8,USAfrica Airways Inc.,,
6917,POA,Potomac Air,,
6918,PT,Piedmont Airlines,,
6919,VIQ (1),Viscount Air Service Inc.,,
6920,9J,Pacific Island Aviation,,
6921,U5,USA 3000 Airlines,,
6922,W7,Western Pacific Airlines,,
6923,NWS,Northwest Seaplanes,,
6924,NEW,New England Airlines Inc.,,
6925,NVX,Nevis Express,,
6926,S6 (1),Mountain Bird/Salmon Air,,
6927,KAH,Kenmore Air Harbor,,
6929,WO,World Airways Inc.,,
6930,WO,World Airways Inc.,,
6932,ZK,Great Lakes Airlines,,
6933,GCH,Grand Canyon Helicopters,,
6934,FRA,Freedom Air,,
6935,OP,Flying Boat Inc.,,
6936,FSA,F.S. Air Service,,
6940,ELL,Ellis Air Taxi Inc.,,
6941,WLQ,Worldwide Airlines Inc.,,
6942,YR,"Grand Canyon Airlines, Inc. d/b/a Grand Canyon Airlines d/b/a Scenic Airlines",,
6943,3C,"Regions Air, Inc.",,
6944,C5,"Commutair Aka Champlain Enterprises, Inc.",,
6945,WA,Worldwide Airlines Services,,
6946,WA,Worldwide Airlines Services,,
6947,RP,Chautauqua Airlines Inc.,,
6951,E9,Boston-Maine Airways,,
6953,GQ,Big Sky Airlines Inc.,,
6954,CH,Bemidji Airlines,,
6955,ACJ,Atlantic Coast Jet Inc.,,
6956,DH,Independence Air,,
6957,WP,Island Air Hawaii,,
6958,HRZ,Allegheny Airlines,,
6959,RSV,Air-Serve,,
6961,ZP,Air St. Thomas,,
6962,ZV,Air Midwest Inc.,,
6963,AEX,Air Excursions LLC (1),,
6964,4Y,Yute Air Aka Flight Alaska,,
6965,8V,Wright Air Service,,
6966,K5,"Seaport Airlines, Inc.",,
6967,4W,Warbelow,,
6968,K3,Venture Travel LLC d/b/a Taquan Air Service,,
6969,4EQ,Tanana Air Service,,
6970,SNK,Spernak Airways Inc.,,
6971,2E,Smokey Bay Air Inc.,,
6972,N5,Skagway Air Service,,
6973,8D,"Dynamic Aviation, Inc. d/b/a Beacon",,
6974,Z3 (1),Promech,,
6975,KS,Peninsula Airways Inc.,,
6976,4B (1),Olson Air Service,,
6977,F8,Freedom Airlines d/b/a HP Expr,,
6978,J6,Larrys Flying Service,,
6979,JF,L.A.B. Flying Service Inc.,,
6980,KAT,Katmai Air,,
6981,2O,Island Air Service,,
6982,7N,Inland Aviation Services,,
6983,V8,Iliamna Air Taxi,,
6984,H6,Hageland Aviation Service,,
6985,GV,Grant Aviation,,
6987,2F,Frontier Flying Service,,
6989,7H,Era Aviation,,
6990,6C,Cape Smythe Air Service,,
6991,VLA,Village Aviation,,
6992,8E,Bering Air Inc.,,
6993,7G (1),Bellair Inc. (1),,
6994,8Q,Baker Aviation Inc.,,
6995,7S,Arctic Transportation,,
6996,5F,Arctic Circle Air Service,,
6997,J5,Kalinin Aviation LLC d/b/a Alaska Seaplanes,,
6999,Q5,40-Mile Air,,
7015,ZV,Air Midwest Inc.,,
7016,PA,Florida Coastal Airlines,,
7018,9L,Colgan Air,,
7019,WAW,Westward Airways Inc.,,
7020,LW,Pacific Wings Airlines,,
7021,9K,Cape Air,,
7022,BNQ,NetJets Large Aircraft Company L.L.C.,,
7023,VI,Vieques Air Link Inc.,,
7024,9E,Endeavor Air Inc.,,
7025,VCQ,Victory Air Transport Inc.,,
7027,FE,Primaris Airlines Inc.,,
7028,OH,PSA Airlines Inc.,,
7029,N8,National Air Cargo Group Inc d/ba National Airlines,,
7030,HB,Homer Air,,
7040,QG,Sky West Aviation Inc.,,
7041,G7,GoJet Airlines LLC d/b/a United Express,,
7050,MY,MAXjet,,
7053,W4,"Mn Aviation, Inc.",,
9320,FT,Flying Tiger Line Inc.,,
9739,RD (1),Airlift International Inc.,,
9740,RD (1),Airlift International Inc.,,
9749,RIQ,Rich International Airways,,
9750,RIQ,Rich International Airways,,
9754,9R,Flagship Express Services,,
9755,9R,Flagship Express Services,,
9786,SAQ,Southern Air Transport Inc.,,
9790,ZKQ,Zantop International,,
10004,BZQ,"Abaco Air, Ltd.",,
10005,CAQ,Challenge Air Luftverkehrs GmbH,,
10025,AJ,Air Micronesia Inc.,,
10049,AA,American Airlines Inc.,,
10050,AA,American Airlines Inc.,,
10052,AA,American Airlines Inc.,,
10219,CO,Continental Air Lines Inc.,,
10220,CO,Continental Air Lines Inc.,,
10221,CO,Continental Air Lines Inc.,,
10260,DL,Delta Air Lines Inc.,,
10261,DL,Delta Air Lines Inc.,,
10262,DL,Delta Air Lines Inc.,,
10284,EA,Eastern Air Lines Inc.,,
10285,EA,Eastern Air Lines Inc.,,
10600,NW,Northwest Airlines Inc.,,
10601,NW,Northwest Airlines Inc.,,
10652,PA (1),Pan American World Airways (1),,
10653,PA (1),Pan American World Airways (1),,
10654,PA (1),Pan American World Airways (1),,
10845,TW,Trans World Airways LLC,,
10847,TW,Trans World Airways LLC,,
10874,UA,United Air Lines Inc.,,
10876,UA,United Air Lines Inc.,,
10877,UA,United Air Lines Inc.,,
10930,WA (1),Western Air Lines Inc.,,
11005,GG,"Cargo 360, Inc.",,
11007,US,US Airways Inc.,,
11009,ABX,ABX Air Inc,,
11010,NW,Northwest Airlines Inc.,,
11015,CP,Compass Airlines,,
11017,PM,"Prescott Support Company, Inc.",,
11018,ABX,ABX Air Inc,,
11019,1BQ,"Dynamic Airways, LLC",,
11020,VX,Virgin America,,
11021,0JQ,Vision Airlines,,
11022,YV,Mesa Airlines Inc.,,
11023,QX,Horizon Air,,
11024,G4,Allegiant Air,,
11025,OO,SkyWest Airlines Inc.,,
11026,OH (1),Comair Inc.,,
11027,9E,Endeavor Air Inc.,,
11029,YX,Republic Airlines,,
11030,OH,PSA Airlines Inc.,,
11033,WN,Southwest Airlines Co.,,
11034,XP,XTRA Airways,,
11035,RP,Chautauqua Airlines Inc.,,
11038,YX,Republic Airlines,,
11040,L2,Lynden Air Cargo Airlines,,
11041,NC,Northern Air Cargo Inc.,,
11042,KD,Western Global,,
11043,20Q,Orange Air,,
11044,23Q,Songbird Airways Inc.,,
11045,EE,Eastern Airlines Group Inc.,,
11046,27Q,"Jet Aviation Flight Services, Inc.",,
11047,2HQ,Elite Airways LLC,,
11049,N8,National Air Cargo Group Inc d/ba National Airlines,,
11050,2PQ,21 Air LLC,,
11052,34Q,"Polaris Aviation Solutions, LLC",,
12040,US,US Airways Inc.,,
12041,US,US Airways Inc.,,
12120,BN (1),Braniff Inc.,,
12680,PI,Piedmont Aviation Inc.,,
12681,PI,Piedmont Aviation Inc.,,
15045,AQ,Aloha Airlines Inc.,,
15375,HA,Hawaiian Airlines Inc.,,
16002,TPQ,Aerial Transit Company,,
16006,F2,Omega Air Holdings d/b/a Focus Air,,
16008,PTQ,Flight International,,
16013,AXQ,Aeron International Airlines Inc.,,
16015,QH,Air Florida Inc.,,
16016,QH,Air Florida Inc.,,
16018,TNQ,Emery Worldwide Airlines,,
16020,MKQ,Airmark Corporation,,
16025,AHQ,Air National,,
16027,FD,Air Puerto Rico Airlines,,
16028,8C,Air Transport International,,
16029,8C,Air Transport International,,
16030,FL,AirTran Airways Corporation,,
16031,AS,Alaska Airlines Inc.,,
16034,EP,All Star Airlines Inc.,,
16038,RL,UltrAir,,
16039,SLQ,Sky King Inc.,,
16042,NI (1),American International Airways Inc.,,
16044,CZQ,Aviation Concepts,,
16048,HP,America West Airlines Inc.,,
16049,HP,America West Airlines Inc.,,
16052,M6,Amerijet International,,
16054,AKQ,Airmark Airlines Inc.,,
16055,TZ,ATA Airlines d/b/a ATA,,
16056,TZ,ATA Airlines d/b/a ATA,,
16057,AMQ,Ameristar Air Cargo,,
16059,RAQ,Arista International Airlines Inc.,,
16061,JW,Arrow Air Inc.,,
16070,PFQ,Asia Pacific,,
16076,WL,"Caribbean Sun Airlines, Inc. d/b/a World Atlantic Airlines",,
16080,ZY,Atlantic Gulf Airlines,,
16081,AJQ,Aerodynamics Inc. d/b/a SkyValue d/b/a SkyValue Airways,,
16085,EV,ExpressJet Airlines Inc.,,
16087,5Y,Atlas Air Inc.,,
16092,HCQ,Av Atlantic,,
16111,BUQ (1),Blue Bell Inc.,,
16136,BFQ,Buffalo Airways Inc.,,
16144,XP,XTRA Airways,,
16150,CL,Capitol International Inc.,,
16151,CL,Capitol International Inc.,,
16160,CPQ,Capitol Air Express Inc.,,
16165,PT (1),Capital Cargo International,,
16170,ER,"Astar USA, LLC",,
16171,ER,"Astar USA, LLC",,
16180,WE,Centurion Cargo Inc.,,
16181,VV (2),Challenge Air International Inc.,,
16182,VV (1),Challenge Air Transport Inc.,,
16187,XE,ExpressJet Airlines Inc. (1),,
16189,4S (1),Conner Air Lines Inc.,,
16190,4S (1),Conner Air Lines Inc.,,
16191,CDQ,Kitty Hawk International,,
16192,CS,Continental Micronesia,,
16194,OW,Executive Airlines,,
16195,FX,Federal Express Corporation,,
16196,FX,Federal Express Corporation,,
16197,FX,Federal Express Corporation,,
16198,PRQ,Florida West Airlines Inc.,,
16199,ZO,Florida Express Inc.,,
16201,EZ,Evergreen International Inc.,,
16202,GAQ,Galaxy Airlines Inc.,,
16203,GIQ,Global International Airways Corp.,,
16204,FFQ,Five Star Airlines,,
16208,EZ,Evergreen International Inc.,,
16210,HX (1),Guy-America Airways Inc.,,
16211,E0,"EOS Airlines, Inc.",,
16212,INQ,Independent Air Inc.,,
16230,TJ,Jet Charter Service Inc.,,
16250,JIQ,Jet Fleet Intl. Airlines,,
16270,V9,Eagle Airlines,,
16280,ZN,Key Airlines Inc.,,
16281,ZN,Key Airlines Inc.,,
16300,EM,Empire Airlines Inc.,,
16400,FCQ,Falcon Air Express,,
16451,FNQ,Fine Airlines Inc.,,
16460,F9,Frontier Airlines Inc.,,
16461,F9,Frontier Airlines Inc.,,
16510,GR,Gemini Air Cargo Airways,,
16561,GF (1),Gulf Air Transport Inc.,,
16565,GFQ,Gulf And Caribbean Cargo,,
16590,IRQ,Interstate Airlines Inc.,,
16620,XPQ,International Cargo Xpress,,
16640,OPQ,Orion Air,,
16650,UNQ,Overseas National Airways,,
16664,KW,Carnival Air Lines Inc.,,
16665,KW,Carnival Air Lines Inc.,,
16670,PE (1),People Express Airlines Inc.,,
16673,B6,JetBlue Airways,,
16675,PKQ,Skyworld Airlines Inc.,,
16681,JKQ,Express One International Inc.,,
16683,KAQ,Kalitta Air LLC,,
16688,KR,Kitty Hawk Aircargo,,
16690,GL,Miami Air International,,
16695,KN,Morris Air Corporation,,
16697,6F,Laker Airways Inc.,,
16698,LOQ,Lorair Ltd.,,
16700,RD,Ryan International Airlines,,
16702,LBQ,Millon Air Inc.,,
16703,MB,Samoa Airlines Inc.,,
16710,THQ,T-Bird Air Inc.,,
16713,7S (1),Skystar International Inc.,,
16715,SOP,South Pacific Island Airway,,
16716,ML (1),Midway Airlines Inc. (1),,
16729,MG,Champion Air,,
16730,NA,North American Airlines,,
16736,X9,Omni Air International LLC,,
16749,PN,Pan American Airways Corp.,,
16752,PN,Pan American Airways Corp.,,
16755,PAQ,Patriot Airlines Inc.,,
16757,PO,Polar Air Cargo Airways,,
16758,PO,Polar Air Cargo Airways,,
16759,PO,Polar Air Cargo Airways,,
16760,TW,Trans World Airways LLC,,
16762,5J (1),Private Jet Expeditions,,
16765,PCQ,Pace Airlines,,
16766,PA (2),Pan American World Airways,,
16768,PNQ,Panagra Airways,,
16770,KLQ,Kalitta Charters II,,
16772,REQ,Renown Aviation,,
16776,PLQ,Planet Airways,,
16777,PLQ,Planet Airways,,
16790,RD,Ryan International Airlines,,
16792,1I,Sky Trek International Airlines,,
16793,WS (1),Suncoast Airlines Inc.,,
16795,SY,Sun Country Airlines d/b/a MN Airlines,,
16797,SPQ,Sun Pacific International,,
16820,MQ,Envoy Air,,
16825,SFQ,Pacific International Airlines Inc.,,
16831,NK,Spirit Air Lines,,
16841,9S,Southern Air Inc.,,
16853,SM,Sunworld International Airlines,,
16875,GM,Air America,,
16876,GM,Air America,,
16880,FF,Tower Air Inc.,,
16881,FF,Tower Air Inc.,,
16883,TSQ,TPI International Airways,,
16884,WI,Sky Lease Cargo,,
16886,T9,TransMeridian Airlines,,
16890,TKQ,Trans-Air-Link Corporation,,
16893,ECQ,Trans American Charter,,
16896,TCQ,Express.Net Airlines,,
16901,TFQ,Trans International Airlines Inc.,,
16903,YB,Trans Continental Airlines,,
16907,TB (1),USAir Shuttle,,
16910,5X,United Parcel Service,,
16911,5X,United Parcel Service,,
16912,5X,United Parcel Service,,
16913,5X,United Parcel Service,,
16915,UTQ,Universal Airlines Inc.,,
16916,E8,USAfrica Airways Inc.,,
16917,U7,USA Jet Airlines Inc.,,
16919,VIQ (1),Viscount Air Service Inc.,,
16921,U5,USA 3000 Airlines,,
16927,WNQ,Winair Inc.,,
16930,WO,World Airways Inc.,,
16931,WO,World Airways Inc.,,
16932,WO,World Airways Inc.,,
16941,WLQ,Worldwide Airlines Inc.,,
16946,WA,Worldwide Airlines Services,,
16947,WA,Worldwide Airlines Services,,
16950,BUQ,Wrangler Aviation Inc.,,
16951,E9,Boston-Maine Airways,,
17022,BNQ,NetJets Large Aircraft Company L.L.C.,,
17027,FE,Primaris Airlines Inc.,,
17050,MY,MAXjet,,
17051,MY,MAXjet,,
19321,FT,Flying Tiger Line Inc.,,
19322,FT,Flying Tiger Line Inc.,,
19323,FT,Flying Tiger Line Inc.,,
19741,RD (1),Airlift International Inc.,,
19752,RIQ,Rich International Airways,,
19755,9R,Flagship Express Services,,
19756,9R,Flagship Express Services,,
19757,9R,Flagship Express Services,,
19765,SAQ,Southern Air Transport Inc.,,
19767,SAQ,Southern Air Transport Inc.,,
30005,AAT,Air Sunshine Inc.,,
30012,RZZ,Aeromech Inc.,,
30013,ZIA,Air New Mexico,,
30018,AIC,Air Caribbean,,
30022,ATX,Air Carolina,,
30047,UX (1),Air Illinois Inc.,,
30072,AIM,Air Mont. Inc.,,
30075,ZV,Air Midwest Inc.,,
30089,ANO,Metro Air Northeast Vermont,,
30090,XYZ,Airpac Inc.,,
30124,ZW,Air Wisconsin Airlines Corp,,
30126,AAZ,Alaska Aeronautical Indust.,,
30131,LSZ,Alaska Island Air Inc.,,
30139,ALI,Brandt Air,,
30145,AIA,All Island Air,,
30153,ASI,Alpine Air Services Inc.,,
30159,AAR,Altair Airlines Inc.,,
30187,ASD,Amistad Airlines,,
30201,AAB (1),Antilles Air Boats Inc.,,
30208,SNC,Gelco Courier Services Inc.,,
30215,HPZ,Pacific Coast Airlines,,
30217,APL,Appalachian Flying Service,,
30228,ARN,Arnold Aviation,,
30237,AST,Astro Airways,,
30243,AVZ,Southern Jersey Airways,,
30251,AVS,Aviation Services,,
30254,RWG,Air Rovers Inc.,,
30258,QOZ,Bar Harbor Airways,,
30260,BHK,Blackhawk Airways Inc.,,
30262,OOZ,Sun Aire Lines,,
30266,BRO,Brower Airways Inc.,,
30275,BUR,Burlington Airways Inc.,,
30278,BAC,Business Aircraft Corp.,,
30284,CHE,Charter Airlines,,
30287,CPA,Capitol Air Lines,,
30297,OHZ,Caribbean Air Services Inc.,,
30312,CZ (1),Cascade Airways Inc.,,
30321,CVA,Catalina-Vegas Airlines,,
30323,CAT,Catalina Airlines Inc.,,
30327,CSK,Catskill Airways Inc.,,
30332,OP,Flying Boat Inc.,,
30336,CHI,Chitina Air Service,,
30337,COC,Cochise Airlines Inc.,,
30338,RP,Chautauqua Airlines Inc.,,
30339,COT,Southeastern Commuter,,
30342,COL,Presidential Express,,
30352,CMD,Command Airways Inc.,,
30353,CKI,Inlet Airlines,,
30357,CRA,Commuter Airlines,,
30362,OIZ,Corporate Air Inc.,,
30372,CRO,Crown Airways Inc.,,
30382,MNZ,Cumberland Airlines,,
30394,KWZ,Crown Air,,
30397,DEA,Downeast Airlines Inc.,,
30402,EAS,Eastern Caribbean Airways,,
30410,EMP,Empire Airlines Inc. (2),,
30411,EXA,Columbia Pacific Airlines (1),,
30412,EKA,Air Pacific Inc.,,
30426,SKM,Scheduled Skyways,,
30438,FDA,Florida Airlines Inc.,,
30446,ANT,Air North/Nenana,,
30447,FOS,Foster Aviation,,
30449,2F,Frontier Flying Service,,
30450,GCS,Midway Commuter,,
30453,GAS,General Aviation Inc.,,
30474,GLW,Golden West Airlines Co.,,
30475,GRD,Grand Canyon Airlines,,
30477,GRO,Isle Royale Seaplane Serv.,,
30484,GUL,Gull Air Inc.,,
30491,PT,Piedmont Airlines,,
30495,HRA,Trans-National Airlines Haw,,
30496,HOR,Iowa Airlines,,
30497,HUB,Skystream Airlines,,
30498,V8,Iliamna Air Taxi,,
30500,IMP,Imperial Airlines Inc.,,
30501,HEU,Heussler Air Service Corp,,
30502,HYA,Hyannis Aviation,,
30528,KEE,Key Airlines,,
30533,LHA,Havasu Airlines,,
30541,LAW,Lawrence Aviation,,
30546,XJ,Mesaba Airlines,,
30550,MAC,Mackey International Inc.,,
30552,MRC,Marco Island Airways Inc.,,
30554,ZFZ,Mcphillips Flying Service,,
30560,MIS,Midstate Airlines Inc.,,
30561,MTR,Metroflight Airlines,,
30564,MRR,Merrimack Aviation Inc.,,
30567,LOS,Aero Commuter,,
30580,MVA,Mississippi Valley Airlines,,
30590,MMH,Ocean Airways Inc.,,
30595,HMZ,Long Island Airlines,,
30604,NAC,National Air Commuter Inc.,,
30608,NEW,New England Airlines Inc.,,
30609,NEB,New Born Wings Inc.,,
30610,NEV,Nevada Airlines,,
30614,NPT,E. J. A. Newport Inc.,,
30616,NTH,Northaire,,
30623,OAK,Harbor Airlines Inc.,,
30627,HRZ,Allegheny Airlines,,
30628,PEA,Pearson Aircraft,,
30629,OWS,Air Kentucky Air Lines,,
30641,PHL,Phillips Airlines,,
30643,PER,Air Pennsylvania,,
30645,PMT,Pilgrim Aviation & Airlines,,
30649,POC,Pocono Airlines Inc.,,
30653,PLZ,Polar Airways Inc.,,
30655,PVA,Precision Valley Aviation,,
30657,PRN,Puerto Rico Intl Airlines,,
30661,PBA,Provincetown Boston,,
30664,RIV,Riverside Air Service,,
30670,RAN,Pan Am Express,,
30674,SBN,Suburban Airlines,,
30676,RCA,Mid-South Aviation Inc. (1),,
30678,RIO,Rio Airways Inc.,,
30682,JCZ,Rocky Mountain Airways Inc.,,
30686,GWE,Ross Aviation Inc.,,
30690,RAY,Royale Airlines Inc.,,
30694,RHA,Royal Hawaiian Airways Inc.,,
30705,SJA,San Juan Airlines Inc.,,
30709,SST,Seaplane Shuttle Transport,,
30710,HSZ,Scenic Airlines Inc.,,
30715,STG,Sedalia Marshall Boonvl Stg,,
30720,SEM,Semo Aviation Inc.,,
30725,SHS,Shasta Air Inc.,,
30735,SNE,Shawnee Airlines,,
30754,ISL,Island Airlines,,
30755,ZYZ,Skyway Aviation Inc.,,
30757,OO,SkyWest Airlines Inc.,,
30766,SOP,South Pacific Island Airway,,
30767,SOA,Mall Airways Inc.,,
30770,SLZ,Southeast Airlines Inc.,,
30771,SRL,Sterling Air Service,,
30779,STR,Star Aviation Corporation,,
30780,STZ,Air America Inc.,,
30784,OE,Westair Airlines Inc.,,
30786,SPF,Springfield Air Service,,
30795,SWT,Swift Aire Lines Inc.,,
30815,TMA,Trans Mo Airlines,,
30845,SI,Sierra Pacific Airlines,,
30856,TRI,Great Plains Airlines Inc.,,
30859,TYE,Temsco Airlines,,
30861,AAA,Associated Aviation Act.,,
30876,ZP,Air St. Thomas,,
30885,VER,Britt Airlines Inc.,,
30890,VI,Vieques Air Link Inc.,,
30911,WEB,Southeast Alaska Airlines,,
30912,Q5,40-Mile Air,,
30920,ZMZ,Winnipesaukee Aviation Inc.,,
30921,WFS,Wheeler Airlines,,
37612,PRO,Sundance Airlines,,
37626,KS,Peninsula Airways Inc.,,
37632,HFS,Hensley Flying Service Inc.,,
37633,XE,ExpressJet Airlines Inc. (1),,
37635,KXZ,Chaparral Airlines Inc.,,
37637,TWA,Trans Western Airlines Utah,,
37652,ACT,Air Central Inc. (1),,
37653,FLM,Flamenco Airways Inc.,,
37656,ANB,Air Nebraska Inc.,,
37658,EGL,Eagle Commuter Airlines Inc.,,
37666,PDA,Trans Southern Airways,,
37667,AVI,Aero Virgin Islands Corp.,,
37669,BCA,Baja Cortez Airlines,,
37670,PIA,Pacific Island Airways,,
37671,OH (1),Comair Inc.,,
37672,CRN,Crown Aviaiton Inc.,,
37676,PNR,Pioneer Airways,,
37677,USA,Air U.S.,,
37678,FVA,Skycraft Inc.,,
37680,ACA,Alaska Central Airways Inc.,,
37681,ARO,Air Oregon,,
37682,SOL,Soonair Lines Inc.,,
37684,MLL,Miller Air Transportersinc,,
37689,CHF,Hammonds Commuter Air Serv.,,
37690,SHV,Shavano Air Inc.,,
37691,WNG,Wings Airways,,
37692,EDE,Ede Aire,,
37694,MAI,The Maui Commuter,,
37696,CRT,Crested Butte Air Service,,
37697,RID,Indiana Airways Inc. (Reid,,
37699,TAS,Yosemite Airlines Inc.,,
37700,AAE,AAA Airlines,,
37701,ACH,Island Airlines Hawaii Inc.,,
37702,PMA,Pacific Missionary Aviation,,
37703,AIE,Air Express Inc.,,
37704,CPC,Coastal Plains Commuter Inc.,,
37707,COS,Cosmopolitan Comm. Airline,,
37708,CHS,Christman Air System,,
37709,CTA,Century Airlines,,
37710,ANM,Airways Of New Mexico Inc.,,
37711,BAK,Bankair Inc.,,
37712,NEC,Nor East Commuter Airlines,,
37713,TAL,Tejas Airlines Inc.,,
37714,SCO,Seaco Airlines Inc.,,
37715,TRP,Trans Pennsylvania Airlines,,
37717,PRA,Princeton Aviation Corp,,
37718,NUM,Lake State Airways,,
37722,FRA,Freedom Air,,
37723,LVA,Las Vegas Airlines,,
37724,AAL,Argosy Air Lines Inc.,,
37726,GBA,Central States Airline,,
37729,TCA,Trans Catalina Airlines,,
37730,FOR,Ford-Aire Inc.,,
37731,ACO,Air Cargo Enterprises Inc.,,
37734,TCE,Oceanair Line,,
37735,VLY,Valley Airlines,,
37736,IPI,Indo-Pacific International,,
37738,SBA,Saber Aviation Inc.,,
37739,NHA,Newair Flight Inc.,,
37740,ATN,Air Atlantic Airlines Inc.,,
37741,UAI,Universal Airways Inc.,,
37743,CAC,Coleman Air Transport,,
37744,ACK,Air Central Inc.,,
37745,GHA,Green Hills Aviation Ltd.,,
37747,ABI,Airbama Incorporated,,
37748,INA,Inland Empire Airlines Inc.,,
37749,GQ,Big Sky Airlines Inc.,,
37750,MTA,Arkansas Traveler Airline,,
37751,EIA,East. Indiana Aviation Sale,,
37752,AMA,North American Airlines Inc.,,
37753,IND,Indiana Airways Inc. (Pa),,
37757,ATT,Aerotransit Inc.,,
37758,ECA,Eagle Airlines (1),,
37759,TEN,Tennessee Airways Inc.,,
37760,GSA,Golden Gate Airlines Inc.,,
37761,WIA,Wisc Air,,
37762,CHL,Channel Flying Inc.,,
37763,EMA,Emerald Airlines,,
37765,AIN,Air Indiana,,
37766,WCI,Mountainwest Airlines,,
37767,JAM,Sunbelt Airlines Inc.,,
37768,BMT,Bremerton Aviation Inc.,,
37769,GSL,Golden South Airlines Inc.,,
37770,EFA,Executive Four Winds,,
37772,AMI,American Inter-Island Inc.,,
37773,CTH,Cothron Aviation,,
37774,HWK,Hawking Corporation,,
37775,MQ,Envoy Air,,
37777,SFS,Sierra Flite Service Inc.,,
37778,EHA,East Hampton Aire Inc.,,
37780,EV,ExpressJet Airlines Inc.,,
37781,FWA,Far West Airlines,,
37782,ACS,Alamo Commuter Airlines,,
37783,ICF,Iowa City Flying Service,,
37784,CAV,Air Virginia,,
37785,CAM,C & M Airlines,,
37786,MAR,Marshall's Air Inc.,,
37787,HOL,Holiday Airlines Inc.,,
37788,DPA,Desert Pacific Airways,,
37789,ATS,Atlantis Airlines Inc.,,
37790,GMA,Green Mountain Airlines Ltd.,,
37792,CET,Century Airlines (Cal),,
37793,ABH,Air Bahia,,
37794,GUN,Gunnel Aviation Inc.,,
37795,TUL,Tulsair Beechcraft Inc.,,
37796,6C,Cape Smythe Air Service,,
37797,SUT,Sunbelt,,
37798,KAI,Knight Airlines Inc.,,
37799,VIN,Vale International Airlines,,
37800,RAL,Royal-Air Ltd.,,
37801,COU,Courtesy Air Service Inc.,,
37802,SKL,Bas Airlines,,
37803,SNB,Ccair,,
37804,PAI,Permian Airways Inc.,,
37806,COM,Commutair,,
37807,LW,Pacific Wings Airlines,,
37808,WAC,Air East Airlines,,
37809,TNS,Transtate Aviation,,
37810,REA,Realwest Airlines,,
37812,DEC,Decatur Aviation,,
37813,CAI,Crawford Aviation Inc.,,
37814,DPI,Desert Pacific Airlines Inc.,,
37815,MET,Metroplex Airlines,,
37816,NJA,N. J. Merrimack Airlines,,
37817,SAI,Seair Alaska Airlines Inc.,,
37818,BAH,Brennan & Hargreaves Inc.,,
37819,BAR,Bard-Air Corp.,,
37820,SCT,Skyline Airlines,,
37821,ASP,Asap Air Inc.,,
37823,FBI,Young Flying Service,,
37824,SCY,South Coast Airways,,
37826,BEN,Bennington Aviation Inc.,,
37828,RJS,Michigan Airways Inc.,,
37829,MAG,Magum Airlines,,
37830,FDM,Freedom Airlines Inc.,,
37831,COR,Coral Air Inc.,,
37832,CAP,Metro Air Northeast N Y,,
37833,PON,Ponderosa Aviation Inc.,,
37834,III,Idee Industries Inc.,,
37835,RED,Aerosun International Airlines Inc.,,
37836,AHC,Air Hawaii,,
37837,TCL,Trans-Central Airlines Inc.,,
37838,JER,Jer-Don Air,,
37839,ROE,Roederer Aviation Inc.,,
37840,ERO,Empire Aero Service,,
37841,NGL,Northern Eagle Airways Inc.,,
37843,WIL,Will's Air,,
37844,BEY,Beyer Aviation,,
37845,MAX,Maxair Inc.,,
37846,WCA,Walker's International,,
37847,TSI,Trans Sierra Airlines Inc.,,
37848,JCM,Air Chico,,
37849,WWI,Wings West Airlines,,
37851,ECI,Eastern Carolina Aviation,,
37852,GOF,Copper State Airlines,,
37853,DST,Desert Airlines,,
37854,OMK,Omak Aviation Airlines,,
37855,SSP,Southern Seaplane,,
37856,GCA,Golden Carriage Aire,,
37857,TIA,Trans Air Inc.,,
37859,BHO,Bighorn Airways Inc.,,
37860,TIS,Skyfreight,,
37864,SVL,Sun Valley Airlines,,
37865,EAI,Executive Aviation Inc.,,
37866,SFO,Sfo Helicopter Airlines Inc.,,
37867,GAV,Gromer Aviation Inc.,,
37868,TSF,American Central Airlines,,
37870,TAC,Air Colorado,,
37871,SFI,Stahmannfarms Inc.,,
37872,CHD,Chandler Flyer,,
37873,LLA,Lakeland Aviation,,
37874,AFA,American Flag Airlines Inc.,,
37875,SUI,Sun International Airways,,
37876,PSA,P.S. Air Freight Inc.,,
37879,DIC,Dickman Aviation Services,,
37880,COK,Coker Aviation Inc.,,
37881,WES,Western Star Airlines Inc.,,
37882,DAN,Danbury Airlines,,
37883,MIY,Midway Aviation Inc.,,
37884,OH,PSA Airlines Inc.,,
37885,ACI,AAA-Action Air Carrier Inc.,,
37886,ALL,All Seasons Air Pacific,,
37887,SKI,Sunbird Inc.,,
37888,ORI,Orion Air Inc.,,
37889,MPA,Mid Pacific Airlines Inc.,,
37891,OHA,Omaha Aviation,,
37892,SAX,Air Americana,,
37893,OMN,Omni Pacific Airline,,
37895,VEZ,Valdez Airlines,,
37897,SWA,Sunwest Airlines,,
37898,VIG,Viking Express,,
37899,AND,Southcentral Air Inc.,,
37901,FAR,Federal Armored Service Inc.,,
37903,WET,Western Charter Inc.,,
37904,OCR,Ocean Reef Airways Inc.,,
37905,ATO,Pacific National Airways,,
37907,BIR,Birchwood Air Service,,
37908,CBA,Carriba Air Inc.,,
37909,OFF,Offshore Logistics,,
37910,ALE,Air-Lift Associates Inc.,,
37911,NYH,New York Helicopter Corp.,,
37912,TER,Terre Haute Air Commuter,,
37913,SIA,Silver State Airlines,,
37914,FCA,Southern Airlines Inc.,,
37915,AEC,Astec Air East Inc.,,
37916,COB,Cotton Belt Aviation Inc.,,
37917,ROY,Royal American Airways Inc.,,
37918,SMC,Stopher Mechanical Inc.,,
37919,DHL,DHL Airlines Inc.,,
37920,WP,Island Air Hawaii,,
37921,RIC,Richardson Aviation,,
37922,THO,Thorson Aviation,,
37923,BOA,Boise Air Service,,
37925,SAM,Samoan Airlines Inc.,,
37926,PLA,Planes Inc.,,
37927,TCI,Trans California Airlines,,
37928,SSS,Sierra Express Inc.,,
37929,APY,Air Polynesia Inc.,,
37930,7G (1),Bellair Inc. (1),,
37931,ERI,Erie Airways Inc.,,
37932,PHX,Phoenix Airlines,,
37933,AGA,Air Cargo America Inc.,,
37934,PRR,Pro Air Services,,
37935,SAS,Air Cortez International,,
37936,PCA,Piasa Commuter Airlines,,
37937,CEN,Cen-Tex Airlines Inc.,,
37938,ARI,Arizona Aero Corp.,,
37939,VAG,Vagabond Aviation Inc.,,
37940,API,Arizona Pacific Inc.,,
37941,TCO,Trans-Colorado Airlines,,
37942,ABO,Aeronaves Boringuena Inc.,,
37943,CIS,Cal Sierra Airlines,,
37944,ACG,Air Cargo Express Inc.,,
37946,LAN,Lancer Aviation Inc.,,
37948,AVA,Air Vectors Airways,,
37949,MST,Midwest Aviation,,
37950,AOI,Trans New York,,
37951,MDU,Metro Airlines,,
37952,STF,Trans East International,,
37953,ACP,Air Chaparral Inc.,,
37954,POM,Pompano Airways,,
37955,SAJ,Sajen Air Inc.,,
37956,ARR,Arrowhead Airways Inc.,,
37957,CHO,Choi Aviation Inc.,,
37958,MCO,Mid Continental Airlines In,,
37959,PET,Petro Aviation Corp.,,
37960,QX,Horizon Air,,
37961,EVA,Evanston Aviation,,
37962,TGO,Trans Air Cargo Inc.,,
37963,ALT,Altus Airlines,,
37964,ANC,Atlantic Air,,
37965,DIR,Northern Star,,
37966,BAA,Aero International Airlines,,
37967,CNN,Centennial Airlines,,
37968,SKT,Skytrain,,
37969,PCL,Pacific Cal Air,,
37970,STA,State Airlines Inc.,,
37971,DAU,Dauphin Island Airways,,
37972,KIN,Golden Pacific Airlines,,
37973,DVO,Devoe Airlines,,
37974,TRO,Air Molakai,,
37975,DOL,Dolphin Airways Inc.,,
37976,CH,Bemidji Airlines,,
37977,WSU,Mission Air,,
37978,AOR,Air New Orleans,,
37979,ASU,Air South (1),,
37980,ALX,Atlanta Express,,
37981,WIR,Williams Air Inc.,,
37982,ROA,Royal West Airways Inc.,,
37983,SLO,Slocum Air Inc.,,
37984,AVR,Air Vermont Inc.,,
37985,AED,Air East Of Delaware Inc.,,
37986,NFA,National Florida Airlines,,
37987,VIS,Virgin Islands Seaplane,,
37988,HAR,Friendship Air Alaska,,
37989,MIN,Minuteman Aviation Inc.,,
37990,NRN,Northern Airlines Inc.,,
37991,APN,Aspen Airways Inc.,,
37992,DSA,Desert Sun Airlines,,
37993,BAY,Burlington Aeroplane Co.,,
37994,WRT,Wright Airlines Inc.,,
37996,ZK,Great Lakes Airlines,,
37997,KOD,Kodiak Airways Inc.,,
37998,ARA,Air Resorts Airlines,,
37999,MUA,Manu'a Air Transport,,
38000,SER,Service Aviation Inc.,,
38001,SAC,Sundorph Aeronautical Corp.,,
38002,K5,"Seaport Airlines, Inc.",,
38003,ANI,Dash Air Corporation,,
38004,NCA,National Commuter Airlines,,
38005,LAS,Lake Union Air Service,,
38006,WAR,Waring Air,,
38007,AAI,Audi Air Inc.,,
38008,EAT,Eastman Airways Inc.,,
38009,7H,Era Aviation,,
38010,AFS,Arcata Flying Service,,
38011,AX,Trans States Airlines,,
38012,HER,Markair Express,,
38014,SPH,Spirit Helicopter,,
38015,TTM,The Time Machine,,
38016,MAE,Mid-Atlantic Exp. Airlines,,
38017,7S,Arctic Transportation,,
38018,PAT,Panorama Air Tours,,
38019,EXC (1),Executive Charter,,
38020,ARS,Air Sedona,,
38021,ARM,Airmarc Airlines Inc.,,
38022,TFZ,Tri-State Airlines Inc.,,
38023,FTI,Southern Airways,,
38024,ZY,Atlantic Gulf Airlines,,
38025,GCH,Grand Canyon Helicopters,,
38026,SNA,Aviation Associates,,
38027,CRE,Caribbean Express Inc.,,
38028,AME,Americair Inc.,,
38029,YV,Mesa Airlines Inc.,,
38030,SKS,Silver Kris Services Ltd.,,
38031,AAV,Alpine Air,,
38032,EM,Empire Airlines Inc.,,
38033,ARP,Airspur Helicopters Inc.,,
38034,ELL,Ellis Air Taxi Inc.,,
38035,RES,Resort Airlines Inc.,,
38036,8Q,Baker Aviation Inc.,,
38037,WFT,Westflight Aviation,,
38038,EME,Metro Express,,
38039,4EQ,Tanana Air Service,,
38040,APS,Air Spirit Inc.,,
38041,FRT,Frontier Commuter,,
38042,RIA,Trump Air,,
38043,FLR,Flirite Inc.,,
38044,TAT,Talarik Creek Air Taxi,,
38045,5F,Arctic Circle Air Service,,
38046,NPA,North Pacific Airlines Inc.,,
38047,CSM,Chisum Flying Service,,
38048,AAP,Armstrong Air Service Inc.,,
38049,8F,Wilburs Inc.,,
38050,APH,Alpha Air,,
38051,WAI,Wise Airlines Inc.,,
38052,JTA,Jetaire Airlines Inc.,,
38053,8E,Bering Air Inc.,,
38054,HSV,Harbor Air Service,,
38055,BDE,Jet Express,,
38056,WTA,Westates Airlines,,
38057,BRK,Barken International,,
38058,CLD,Hawaii Pacific Helicopters,,
38059,OMI,Omniflight Airways,,
38060,OTT,Otter Air,,
38061,LAA,La Skycab Airline,,
38062,CRH,Cresent Medivac,,
38063,ASR,Astor Air,,
38064,TUR,Turner Aire,,
38065,ACN,Alliance Airlines,,
38066,WGL,Wrangell Air Service,,
38067,CAF,California Seaboard,,
38068,BAT,West Penn Commuter,,
38069,NAT,National Air,,
38070,CTL,Coastal Air Transport,,
38071,EGA,Eagle Airline,,
38072,SEP,Southern Express Airways,,
38073,BEA,Business Express Airlines,,
38074,CMR,Commuter Airlines (Ca),,
38075,IEX,Island Air Express,,
38076,OW,Executive Airlines,,
38077,SAL,Sallee's Aviation,,
38078,EEX,Exec Express,,
38079,WSK,AAR Western Skyways,,
38080,AMR,AvAir,,
38081,ENT,Enterprise Airlines Inc.,,
38082,PRM,Prime Air Inc.,,
38083,KAH,Kenmore Air Harbor,,
38084,9E,Endeavor Air Inc.,,
38085,KFS,King Flying Service,,
38086,BYA,Bay Air,,
38087,BRW,Barrow Air,,
38088,RSC,Resort Commuter,,
38089,GPA,GP Express Airlines,,
38090,TXA,Texas National Airlines,,
38091,MWA,Mountain West Airlines,,
38092,VLA,Village Aviation,,
38093,CCA,Cityhop,,
38094,BIA,Big Island Air,,
38095,MEX,Metro Express 11,,
38096,GST,Golden State Airlines,,
38097,AON,Action Airlines,,
38098,IOW,Iowa Airways,,
38099,8V,Wright Air Service,,
38100,POL,Polar International,,
38101,FD,Air Puerto Rico Airlines,,
38102,BFG,Million Air,,
38103,OMH,Omniflight Helicopters,,
38104,LAH,La Helicopter,,
38105,RVA,Reeves Air,,
38106,HEL,Helitrans,,
38107,ALK,Air Link Airways,,
38108,ALS,Air L.A.,,
38109,J6,Larrys Flying Service,,
38110,STW,Stateswest Airlines,,
38111,MAA,Maui Airlines,,
38112,CGA,Chicago Airlines,,
38113,AIT,Airways International,,
38114,AEO,Aero Coach,,
38115,H6,Hageland Aviation Service,,
38116,GAL,Galena Air Service,,
38117,PRP,Propheter Aviation,,
38119,EXR,Executive Transport,,
38120,HNS,Haines Airways,,
38121,APE,Air Cape,,
38122,MTV,Mst Aviation,,
38123,MDC,Midcontinent Airlines,,
38124,LCT,Lake Coastal,,
38125,5V,Tatonduk Outfitters Limited d/b/a Everts Air Alaska and Everts Air Cargo,,
38126,4B (1),Olson Air Service,,
38127,HET,Helitac Aviation,,
38128,ASH,Air South,,
38129,ECR,East Coast Airways,,
38130,THA,Tropical Helicopter Airways,,
38131,BAN,Bangor International Air,,
38132,HEP,Hub Express,,
38133,CCO,Chester County Aviation,,
38134,ARB,Air Caribe International,,
38135,CUS,Custom Air Service,,
38136,SEG,Seagull Air Service,,
38137,NAP,Npa Inc.,,
38138,NAS,Nasville Eagle,,
38139,SPR,Sportsman Flying Service,,
38140,ALU,Aleutian Air,,
38141,QWE,Qwest Commuter,,
38142,TAQ,Taquan Air Service,,
38143,EET,Exec Express II,,
38144,GSC,GCS Air Service,,
38145,TAF,Tri Air Freight,,
38146,CTR,Chartair,,
38147,LAR,Laredo Air,,
38148,N5,Skagway Air Service,,
38149,KET,Ketchikan Air Service,,
38151,ARD,Airlift International,,
38152,PCR,Pacair,,
38153,WRA,Wra Inc.,,
38154,KO,Alaska Central Express,,
38156,SMO,Samoa Aviation Inc.,,
38157,SPG,Springdale Air,,
38158,MEA,Manhattan Express,,
38159,QD,Grand Airways Inc.,,
38160,AEF,Aero Freight,,
38161,WLH,Welch Aviation,,
38162,PNM,Panama Aviation,,
38163,9K,Cape Air,,
38164,C5,"Commutair Aka Champlain Enterprises, Inc.",,
38165,HRG,Heritage Airlines,,
38166,SYM,Skymaster,,
38167,CLB,Columbia Pacific Airlines,,
38168,CSL,Central States Air Lines,,
38169,MPC,Mid Pacific Air Corp.,,
38170,MHK,Mohawk Airlines,,
38171,TXE,Trans Air (Hawaii),,
38172,ATH,Air Southeast,,
38173,CQI,Conquest Airline Corp.,,
38174,CLF,California Air Shuttle,,
38175,SCN,Scott Aviation,,
38176,AL,Skyway Airlines,,
38177,NCE,Northcoast Executive,,
38178,WST,Friday Harbor Seaplanes,,
38179,GAT,Gulf Air Taxi,,
38180,GFC,Gulf Flite Center,,
38181,CRP,Corporate Air,,
38182,LAP,Lapsa,,
38183,VAS,Valley Air Services,,
38184,DIA,Drummond Island Air,,
38185,ASW,Sunrise Airlines Inc.,,
38186,NER,Northeast Express Regional (1),,
38187,LEX,L'Express,,
38188,TVL,Travelair,,
38189,SRA,Star Aviation,,
38190,TRR,Territorial Airlines,,
38191,3M,Silver Airways,,
38192,FYB,Flying Boat,,
38193,LKN,Loken Aviation,,
38194,DWN,Dawn Air,,
38195,CHT,Charter One,,
38197,GWA,Great Western Aviation,,
38198,CGO,Chicago Air Taxi,,
38199,ALD,Allied Airlines,,
38200,RDW,Redwing Airways,,
38201,DUL,Dulles Express,,
38202,PRD,Paradise Island Airlines,,
38203,AVG,Airvantage,,
38204,SAH,Sea Air Shuttle,,
38205,ADR,Adirondack Airlines,,
38206,SYB,Skybus Express Airlines,,
38207,8N,Flagship Airlines Inc.,,
38208,RMH,Rocky Mountain Helicopters,,
38209,SNV,Sierra Nevada Airways,,
38210,IPS,Island Express,,
38211,9L,Colgan Air,,
38212,AZP,Arizona Pacific Airways,,
38213,ASC,Air South Inc.,,
38215,FSA,F.S. Air Service,,
38216,9J,Pacific Island Aviation,,
38217,AHA,Air Alpha,,
38218,AIY,Alliance Air,,
38219,DH,Independence Air,,
38220,TWE,Trans World Express,,
38221,KEA,Keene Airways,,
38222,ARZ,Arizona Airways,,
38223,FLA,Florida Air,,
38224,NEX,Northeast Express Regional,,
38225,SOE,Sky One Express,,
38226,AWA,Air West Airlines,,
38227,RDR,Rader Aviation,,
38228,ADV,Advantage Airlines,,
38229,RMV,Ram Aviation,,
38230,EXP,Express Airlines II,,
38231,ECL,Eclipse Airlines,,
38232,ASN,Air Casino,,
38233,SKJ,Sky-Jet,,
38234,AFG,American Flight Group,,
38235,Z3 (1),Promech,,
38236,AFE,Air Florida Express,,
38237,FRS,Four Star Aviation,,
38238,AVL,Aviation Sales,,
38239,SLR,Salair,,
38240,C8 (1),Chicago Express Airlines,,
38241,NWS,Northwest Seaplanes,,
38242,BUH,Business Helicopters,,
38243,GRA,Gorda Aero Service,,
38245,GV,Grant Aviation,,
38246,CRB,Caribair,,
38247,KAT,Katmai Air,,
38248,ICH,Island Air Charters,,
38249,MHO,Mahalo Air,,
38250,PFA,Pacificair,,
38251,CPT,Capitol Air,,
38252,DXA,Dolphin Express,,
38253,DFS,Downeast Flying Service,,
38254,SUA,Sunshine Airlines,,
38255,TXY,Texas Airways,,
38256,PNS,Pine State Airlines,,
38257,YR,"Grand Canyon Airlines, Inc. d/b/a Grand Canyon Airlines d/b/a Scenic Airlines",,
38258,SXP,Sierra Expressway,,
38259,MLX,Merlin Express,,
38260,EGJ,Eagle Jet Charter,,
38261,SEB,Seaborne Aviation,,
38262,GDW,Golden West Airlines Inc.,,
38263,MAV,Maverick Airways,,
38264,MTX,Mountain Air Express,,
38265,3C,"Regions Air, Inc.",,
38266,JMA,Jim Air Inc.,,
38267,MNA,M & N Aviation,,
38268,CSN,Casino Airlines (1),,
38269,J5,Kalinin Aviation LLC d/b/a Alaska Seaplanes,,
38270,NET,Nacnet,,
38271,AUX,Austin Express Inc.,,
38272,AVC,Av Center Inc.,,
38273,XPA,Express Air d/b/a Sunrise,,
38274,8D,"Dynamic Aviation, Inc. d/b/a Beacon",,
38276,AIK,Air Ketchum Idaho Inc.,,
38277,S5,Shuttle America Corp.,,
38278,EWA,Rio Grande Air,,
38279,2O,Island Air Service,,
38280,TIE,Trans International Express,,
38282,7N,Inland Aviation Services,,
38283,OZA,Ozark Air Lines Inc.,,
38284,NVX,Nevis Express,,
38285,SNK,Spernak Airways Inc.,,
38286,ACJ,Atlantic Coast Jet Inc.,,
38287,2E,Smokey Bay Air Inc.,,
38288,CSA,Casino Airlines,,
38289,FRW,Farwest Airlines,,
38290,RSV,Air-Serve,,
38291,POA,Potomac Air,,
38292,K3,Venture Travel LLC d/b/a Taquan Air Service,,
38293,E9,Boston-Maine Airways,,
38294,AEX,Air Excursions LLC (1),,
38295,SUX,Sunair Express LLC,,
38296,S6 (1),Mountain Bird/Salmon Air,,
71002,TIQ,Tyrolean Jet Service,,
71003,EAQ,"Executive Airlines, SL",,
71004,02Q,Titan Airways,,
71005,OR,TUI Airlines Nederland B.V.,,
71006,6R,Aerounion Aerotransporte de Carga Union SA de CV,,
71007,Y2,Globespan Airways Limited d/b/a Flyglobespan,,
71008,WAP,Arrow Panama,,
71009,4M,LAN Argentina,,
71010,05Q,"Comlux Aviation, AG",,
71011,NJE,"NetJets Transportes Aereos, S.A.",,
71013,EY,Etihad Airways,,
71014,Y7,Flyjet Limited d/b/a Silverjet,,
71015,9T,"TravelspanGT, Inc. S.A.",,
71016,37,Zeal 320,,
71017,A0,Elysair d/b/a L'Avion,,
71018,9N,ANA & JP Express Co. Ltd.,,
71019,VSA,VistaJet Luftfahrtunternehmen GmbH,,
71020,06Q,Master Top Linhas Aereas Ltd.,,
71021,0J,JetClub AG,,
71022,07Q,Flair Airlines Ltd.,,
71024,9V,"Avior Airlines, C.A.",,
71025,0Q,Flying Service N.V.,,
71026,Q4,"Master Top Linhas Aereas, Ltda.",,
71029,IGA,"Global Jet Austria, GmbH",,
71031,SVW,"Global Jet Luxembourg, Sa",,
71032,5G,"Skyservice Airlines, Inc.",,
71033,0BQ,DCA,,
71034,GJ,Eurofly S.p.A,,
71035,0CQ,ACM AIR CHARTER GmbH,,
71036,JI,Jade Cargo International,,
71037,CAZ,CAT Aviation,,
71038,0HQ,Polar Airlines de Mexico d/b/a Nova Air,,
71039,XF,Vladivostok Air,,
71040,PD,"Porter Airlines, Inc.",,
71041,WG,Sunwing Airlines Inc.,,
71043,S6,Star Air A/S,,
71044,0LQ,"Metropix UK, LLP.",,
71047,S3,"Santa Barbara Airlines, C.A",,
71048,9W,Jet Airways (India) Limited,,
71049,QR,Qatar Airways (Q.C.S.C),,
71050,Y8,Yangtze River Express Airlines Company,,
71051,HU,Hainan Airlines Company Limited,,
71052,FP,TAG Aviation S.A.,,
71053,JAG,JetAlliance Flugbetriebs d/b/a JAF Airservice,,
71056,0OQ,Open Skies,,
71059,TRA,Aeromexico Travel,,
71060,7Q,Pan American World Airways Dominicana,,
71062,0QQ,TAG Aviation (UK) Ltd.,,
71063,0RQ,TAG Aviation Espana S.L.,,
71065,0TQ,"Corporatejets, XXI",,
71067,5L,Aerosur,,
71068,IJ,Great Wall Airlines Company Limited,,
71069,0UQ,"Comlux Malta, Ltd.",,
71070,VB,"Aeroenlaces Nacionales, S.A. de C.V. d/b/a VivaAerobus",,
71071,0VQ,Ocean Sky (UK) Limited,,
71072,Y4,Concesionaria Vuela Compania De Aviacion SA de CV (Volaris),,
71073,JQ,Jetstar Airways Pty Limited,,
71074,AB,Air Berlin PLC and CO,,
71075,SE,XL Airways France,,
71077,BES,Aeroservices Executive,,
71078,L7,Lan Colombia,,
71080,0YQ,Comlux Malta Ltd.,,
71082,VA,Virgin Blue International Airlines t/a V Australia,,
71083,CRV,Acropolis Aviation Ltd.,,
71084,10Q,Swiss Air Ambulance,,
71085,7I,Insel Air International B V,,
71086,LJ,Jin Air Co Ltd.,,
71087,PP,Jet Aviation Business Jets AG,,
71089,12Q,Unijet,,
71090,3S,AeroLogic GmbH,,
71091,IG,Meridiana S.p.A,,
71092,SS,Corsair International,,
71093,13Q,Chartright Air Inc.,,
71094,EXC,Hapag-Lloyd Executive GmbH,,
71095,14Q,London Air Services Limited,,
71096,15Q,Air Alsie A/S,,
71098,17Q,Albinati Aeronautics SA,,
71099,BC,Skymark Airlines Inc.,,
71100,4C,Aerovias de Intergracian Regional,,
71101,W3,Arik Air International,,
71102,RU,AirBridgeCargo Airlines Limited,,
71103,2K,Aerolineas Galapagos S A Aerogal,,
71104,QS,"Travel Service, a.s.",,
71106,VW,Transportes Aeromar S.A de C.V,,
71107,OF,Air Finland Ltd.,,
71109,1HQ,International Jet Management GmbH,,
71110,1IQ,Jet link AG,,
71111,TB,TUI Airlines Belgium N.V. d/b/a Jetairfly,,
71112,3U,Sichuan Airlines Co Ltd.,,
71113,1JQ,Exec Direct Aviation Services Limited,,
71114,SN,Brussels Airlines N.V.,,
71116,1LQ,Bertelsmann Aviation GmbH,,
71118,4O,ABC Aerolineas SA de CV dba Interjet,,
71119,7C,Jeju Air Co Ltd.,,
71120,1NQ,JSC The 224th Flight Unit State Airlines,,
71121,OJ,Fly Jamaica Airways Limited,,
71123,VJT,VistaJet Limited,,
71124,LDM,Lauda Motion GmbH,,
71125,R3,Air Company Yakutia,,
71127,DY,Norwegian Air Shuttle ASA,,
71128,C8,Cargolux Italia SpA,,
71129,EQ,Tame Linea Aerea del Ecuador Tme EP,,
71131,1UQ,Gainjet Aviation SA,,
71134,WW,WOW Air ehf,,
71135,1XQ,Dassault Falcon Service,,
71136,G3,VRG Linhas Aereas S A,,
71138,PS,Ukraine International Airlines,,
71139,RV,Air Canada rouge LP,,
71140,RS,Sky Regional Airlines Inc.,,
71141,Q7,SkyBahamas Airlines Ltd.,,
71142,LS,Jet2.com,,
71143,B0,Dreamjet SAS Dba La Compagnie,,
71144,1ZQ,Comlux Aruba NV,,
71145,AD,Azul Linhas Aereas Brazileiras S A,,
71146,24Q,Blue Jet SP Z o o,,
71147,GW,SkyGreece Airlines S A,,
71148,25Q,Mjet GmbH,,
71149,26Q,Albinati aviation Limited,,
71150,2AQ,ABS JETS A.S,,
71151,D7,Air Asia X Berhad dba Airasia X,,
71153,BX,Air Busan,,
71154,2BQ,Air Medical Ltd.,,
71156,O6,Oceanair Linhas Aereas S A,,
71157,FC,Fast Colombia SAS d/b/a Viva Colombia,,
71159,8I,Inselair Aruba NV,,
71160,3SD,Compagnie Aerienne Inter Regionale Express dba Air Antilles Express & Air Guyane,,
71161,5J,Cebu Air Inc d/b/a Cebu Pacific Air,,
71164,J2,Azerbaijan Airlines CJSC,,
71165,2GQ,Cavok Air LLC,,
71166,7L,Silk Way West Airlines,,
71167,R2,Orenburg Airlines,,
71168,WR,WestJet Encore Ltd.,,
71169,HX,Hong Kong Airlines Limited,,
71170,EW,Eurowings GmbH,,
71171,AAB,Abelag Aviation AG,,
71172,2KQ,Longtail Aviation Ltd.,,
71173,JU,Air Serbia,,
71174,2OQ,Talofa Airways Limited,,
71176,2RQ,Luxaviation S A,,
71178,MF,"Xiamen Airlines Co., Ltd.",,
71179,2P,"Air Philippines Corp d/b/a Airphil Express, Philippines Airlines",,
71181,P3,Cargologicair Limited,,
71182,ZE,Eastar Jet Co Ltd.,,
71183,UO,Hong Kong Express Airways Limited,,
71184,2UQ,Svenskt Industriflyg AB,,
71185,JD,Beijing Capital Airlines,,
71187,D8,Norwegian Air International Ltd.,,
71189,TR,Scoot Tigerair Pte Ltd d/b/a Scoot,,
80001,ACD,Academy Airlines,,
80002,XBQ,Aeronaves De Puerto Rico,,
80003,XAA,Aero Union Corp,,
80004,XAC,Air Express International Airlines,,
80005,RRT,Air Freight Express,,
80006,ABX,ABX Air Inc,,
80007,AIG,Airgo Inc.,,
80008,XBR,Allstates Air Cargo Inc.,,
80009,XAE,Amerford Airways Inc.,,
80010,AMT,American Air Transport,,
80011,XAF,Astro-Wing Airlines Inc.,,
80012,XAG,Ball Brothers Inc.,,
80013,XAH,Hawaii Pacific Air,,
80014,BOI,Bo-S-Aire Airlines Inc.,,
80015,XAI,Burlington Northern Inc.,,
80016,XBI,CF Air Freight,,
80017,XAJ,Central American International,,
80018,XAK,Century Airlines Inc.,,
80019,VV (1),Challenge Air Transport Inc.,,
80020,ACL,Check-Air Inc.,,
80021,XBP,Circle Airfreight Corp.,,
80022,XAM,Cohlmia Aviation,,
80023,CMB,Combs Airways Inc.,,
80024,4S (1),Conner Air Lines Inc.,,
80025,XAO,Dallas Flight Center,,
80026,EEZ,Eagle Aviation Inc.,,
80027,FAC,Falcon Airways Inc.,,
80028,FAA,Falwell Aviation Inc.,,
80029,FX,Federal Express Corporation,,
80030,XAQ,Cam Air International Inc.,,
80031,2F,Frontier Flying Service,,
80033,ROS,Great Western Airlines Inc.,,
80034,XBJ,International Air Service,,
80035,IRQ,Interstate Airlines Inc.,,
80036,XAR,Jet Way Inc.,,
80037,XAS,Klondike Air Inc.,,
80038,XAT,Michigan Peninsula Airways,,
80039,XAU,Flight Line Inc.,,
80041,NC,Northern Air Cargo Inc.,,
80042,XBT,Pacific Alaska Airlines Inc.,,
80043,XAY,Pat Air,,
80044,PHR,Pinehurst Airlines Inc.,,
80045,XBH,Profit Airlines Inc.,,
80046,XAZ,Purolator Sky Courier Inc.,,
80047,XBM,Phh Air Inc.,,
80048,SSA,S. S. Airways Inc.,,
80049,DUZ,Summit Airlines Inc.,,
80050,XBV,Nal Inc.,,
80051,YB,Trans Continental Airlines,,
80052,ACW,Transwest Air Express,,
80053,5X,United Parcel Service,,
80054,CGL,Viking International Airlines Inc.,,
80055,XBF,WTC Airlines,,
80056,ER,"Astar USA, LLC",,
80057,XBX,Icb International Airlines,,
80058,BUQ,Wrangler Aviation Inc.,,
80059,XBZ,Air Natl Aircraft Sal & Ser,,
80060,XAB,Air Polynesia d/b/a DHL Cargo,,
80061,XBC,Jet East Inc.,,
80062,XCA,Hawkins And Powers Aviation,,
80063,XDA,Pacific Air Express Inc.,,
80067,XDC,Hemisphere Air Charter,,
80068,XDD,International Parcel Express Inc.,,
80069,XDE,Air Train Inc.,,
80070,XDF,Salair Inc.,,
80072,XDH,Kitty Hawk Air Cargo,,
81001,1TQ,Rhoades Aviation dba Transair,,
81002,1TQ,Rhoades Aviation dba Transair,,
81003,1TQ,Rhoades Aviation dba Transair,,
90004,AEQ,Air Caravane Inc.,,
90008,AIQ,Norontair,,
90009,ALQ,Alberta Northern Airlines,,
90013,ATQ,Aero Tranportes Panamenos,,
90020,BHQ,Turks Air Ltd. (1),,
90022,4E,British Airtours Limited,,
90024,BXQ,Spantax S. A.,,
90031,DA,Dan Air Services,,
90034,DOQ,Aerolineas Dominicanas S A,,
90035,DQQ,Caribwest Airways Ltd.,,
90037,EBQ,Execaire Aviation Ltd.,,
90040,ERQ,Aero Trades (Western) Ltd.,,
90043,FAQ,Fast Air Carrier Ltd. (1),,
90044,FJ (1),Air Pacific Ltd. (1),,
90045,GKQ,Laker Airways,,
90047,HIQ,Business Flights Ltd.,,
90050,HVQ,Transavia Holland B. V.,,
90052,ICQ,Iscargo Hf,,
90053,IKQ,Tradewinds Airways Ltd.,,
90054,IN,Aerlinte Eireann Teoranta,,
90055,IR,Iran National Airlines Corp,,
90056,IXQ,Inair,,
90059,JXQ,Allarco Developments Ltd.,,
90061,KKQ,Transmeridian Air Cargo Ltd.,,
90063,KR (1),Kar-Air Oy,,
90065,KWQ,Kelowna Flightcraft Air Cha,,
90070,LIQ,Liat (1974) Limited,,
90078,MAQ,Millardair Limited,,
90079,MGQ,Montana Austria Flugetrieb,,
90082,MZ,P.N. Merpati Nusantara Air.,,
90085,NFQ,North Cariboo Flying Serv.,,
90086,NI,Lanica,,
90087,NKQ,Norcanair,,
90088,NN,Northward Airlines Ltd.,,
90089,NSQ,North Coast Air Services,,
90090,NTQ,National Aviation Consult.,,
90091,NUQ,Air Niugini,,
90094,OD (1),Aerocondor,,
90097,ONQ,Nunasi-Central Airlines Ltd.,,
90099,OWQ,Ontario Worldair Limited,,
90105,PV,Eastern Provincial Airways,,
90106,PW,Pacific Western Airlines,,
90107,QB,Inter-Quebec (Intair),,
90109,RB,Syrian Arab Airlines,,
90114,ROQ,Aero Uruguay (1),,
90117,RY,Redcoat Air Cargo Limited,,
90119,SFQ (1),Southern Frontier Air Trans,,
90121,SJQ,Skycharter (Malton) Ltd.,,
90127,SSQ,Superior Airways Limited,,
90128,ST,Belize Airways Limited,,
90129,STQ,Skycraft Air Transport Inc.,,
90133,TDQ (1),Transcarga,,
90136,TLQ,Trans-Mediterranean Airways,,
90140,TXQ,British Caribbean Airways,,
90141,UMQ,Air Manila Inc.,,
90145,VOQ,Avalon Aviation Ltd.,,
90146,WDQ,Wardair Canada Inc.,,
90147,WGQ,Gateway Aviation Limited,,
90148,WM,Windward Islands Airways,,
90150,XK,Aerotal,,
90151,YBQ,Yellow Bird Air,,
90154,AO,Aviacion Y Comercio S.A.,,
90162,AFQ,Aero B Venezuela C.A.,,
90165,BLQ,Air Bvi Limited,,
90166,GX,Air Ontario Limited,,
90170,CMQ,Servicio De Carga Aerea Sa,,
90176,AWQ,Aermediterranea S.P.A.,,
90182,KB,Haiti Air,,
90188,GG (2),Grenada Airways Ltd.,,
90191,LEQ,Le Point Air,,
90197,7F,First Air,,
90201,VY,Highland Express Airways,,
90225,VAQ,Vacationair,,
90226,CWQ,Canadian Aviation Express,,
90232,HOQ,Holidair Airways,,
91482,AVQ,Aero Laguna S.A. De C.V.,,
91484,AYQ,Aerodan S.A. De C.V.,,
99002,CEQ,All Canada Express,,
06038 (1),RL,UltrAir,,
06774 (1),RLQ,Reliant Airlines,,
06901 (1),TFQ,Trans International Airlines Inc.,,
06902 (1),YB,Trans Continental Airlines,,
06903 (1),YB,Trans Continental Airlines,,
06911 (1),U7,USA Jet Airlines Inc.,,
06917 (1),J7,Valujet Airlines Inc.,,
06918 (1),VIQ (1),Viscount Air Service Inc.,,
06920 (1),OE,Westair Airlines Inc.,,
06925 (1),8F,Wilburs Inc.,,
06927 (1),WNQ,Winair Inc.,,
06940 (1),WLQ,Worldwide Airlines Inc.,,
0A050,AA,American Airlines Inc.,,
0A285,EA,Eastern Air Lines Inc.,,
0A845,TW,Trans World Airways LLC,,
0A875,UA,United Air Lines Inc.,,
16770 (1),RLQ,Reliant Airlines,,
7148B,BAQ,Aero Rentas De Coahuila S.A. De C.V.,,
7148C,BDQ,Aerotaxis De Aguascalientes S.A. De C.V.,,
7148D,BIQ,Servicios Aeronauticos Z S.A. De C.V.,,
7148E,BJQ,Taxirey S.A. De C.V.,,
7900A,SG,Jetsgo,,
7900C,9M,Central Mountain Air,,
7900D,JB,Helijet International Inc.,,
7900F,NXQ,North Vancouver Air,,
7900G,4N,Air North,,
7900H,RGQ,Regency Air,,
7900I,PPQ,Propair,,
7900K,HQ,Harmony Airways,,
7900L,ZX,Air Georgian,,
7900M,CSQ,Celtic Tech Jet Ltd.,,
7900P,PEQ,SkyLink Express Inc.,,
7900Q,C6,Canjet Airlines,,
9106A,BM,Belize Air International Ltd.,,
9106B,4H,Belize Trans Air,,
9110A,LR,Lacsa,,
9110B,LCQ,Latcr,,
9110C,ML,Aero Costa Rica,,
9118A,SZQ,Aerolineas El Salvador S A,,
9118B,TA,Taca International Airlines,,
9118C,PUQ,Aeropuma,,
9127A,AOQ,Aerovias S.A.,,
9127B,GU,Aviateca,,
9127C,MYQ,Lineas Aereas Mayas (Lamsa),,
9127D,TGQ,Tranps Aereos Guatemaltecos,,
9131A,SH,Servicio Aereo De Honduras,,
9131B,TX (1),Transportes Aereos Nacional,,
9131D,4S,Sol Air (Aero Hunduras),,
9148A,JR,Aero California,,
9148B,AM,Aeromexico,,
9148C,MX,Compania Mexicana De Aviaci,,
9148D,LUQ,Lineas Aereas La-Tur Sa,,
9148E,ACQ,Aeronautica De Cancun,,
9148F,GD,Transp. Aereos Ejecutivos,,
9148H,SX (1),Aeroejecutivo S.A.,,
9148I,M7,Aerotransportes Mas De Crga,,
9148K,SMQ,Serv. Aerolineas Mexicanas,,
9148L,LGQ,Lineas Aereas Allegro,,
9148M,OMQ,Quassar De Mexico,,
9148N,8L,Servicio Aereo Leo Lopez,,
9148O,7M,Aeromonterrey S.A.,,
9148P,QO,Aeromexpress,,
9148Q,GJ (1),Mexicargo,,
9148R,6A,Aviacsa Airlines,,
9148U,E7,Estafeta Carga Aereas,,
9148V,ZE (1),Lineas Aereas Azteca,,
9148W,5D,Aerolitoral,,
9153A,RL (1),Aerolineas Nicaraguenses,,
9153B,GW (1),Central American Airlines,,
9153C,6Y,Nicaraguense De Aviacion Sa,,
9162A,PIQ,Pacific International Airlines,,
9162B,OP (1),Air Panama Internacional,,
9162C,CM,Compania Panamena (Copa),,
9162D,DHQ,DHL Aero Expresso,,
9204A,UP,Bahamasair Holding Limited,,
9204B,7Z,Lb Limited,,
9205A,DC,Caribbean Air Cargo Co Ltd.,,
9206A,ESQ,Seagreen Air Transport,,
9206B,PDQ,Antigua Paradise Airways,,
9224A,G3 (1),Aerochago S.A.,,
9224B,MUQ,Aerolineas Mundo,,
9224C,BQ,Aeromar C. Por A.,,
9224D,APQ,Alas De Transporte International,,
9224E,7P,Apa International Air S.A.,,
9224F,AGQ,Argo S. A.,,
9224G,DO,Compania Dominicana De Avia,,
9224H,ZS,Hispaniola Airways,,
9224I,RTQ,Aerotour Dominicano Cxa,,
9224J,LU,Air Atlantic Dominicana,,
9224K,5G (1),Queen Air,,
9224L,4M (1),Lan Dominica,,
9233A,KX,Cayman Airways Limited,,
9235A,TX,Soc.Nouvelle Air Guadeloupe,,
9238A,HJ,Air Haiti S. A.,,
9238B,HFQ,Haiti Air Freight Intl,,
9238C,TV,Haiti Trans Air,,
9238E,WD,Halisa Air,,
9243A,JM,Air Jamaica Limited,,
9243B,JAQ,Jamaica Air Freighters,,
9259A,K8,Dutch Caribbean Airlines,,
9259B,XC,Air Caribbean (1),,
9275A,2R,Regal Air,,
9276A,SDQ,St. Lucia Airways Limited,,
9277A,FQ,Air Aruba,,
9277B,IPQ,Aruba Cargo,,
9280A,BW,Caribbean Airlines Limited,,
9281A,CUQ,Caicos Caribbean Airways,,
9281B,KTQ,Turks Air Ltd.,,
9303A,AR,Aerolineas Argentinas,,
9303B,RSQ,Aerotransportes Entre Rios,,
9303C,FS,Serv De Trans Aereos Fuegui,,
9303D,HRQ,Tar Airlines,,
9303F,MJ,Lapa-Lineas Aereas Privadas,,
9303G,A4,Southern Wind Airlines,,
9312A,LB,Lloyd Aereo Boliviano S. A.,,
9312B,BOQ,Transp. Aereos Bolivianos,,
9316A,TR (1),Transbrasil S.A.,,
9316B,RG,Varig S. A.,,
9316C,VP,Viacao Aerea Sao Paulo,,
9316D,BTQ,Brasair Transportes Aereos,,
9316E,M3,ABSA-Aerolinhas Brasileiras,,
9316F,JJ,Transportes Aeros Meridiona,,
9316G,LC,Varig Logistica S/A,,
9324A,UC,Ladeco,,
9324B,LA,Lan-Chile Airlines,,
9324C,UD,Fast Air Carrier Ltd.,,
9327A,AV,Aerovias Nacl De Colombia,,
9327B,ARQ,Aerovias Colombianas Arca,,
9327C,LC (1),Lineas Aereas Del Caribe,,
9327D,QT,Transportes Aereos Mercantiles Panamericanos S.A,,
9327E,MM (1),Sociedad Aeronautica De Med,,
9327F,VX (1),Aces Airlines,,
9327G,CLQ,Aero Transcolombiana,,
9327H,LSQ,Lineas Aereas Suramerican,,
9337A,EOQ,Aeroservicios Ecuatorianos,,
9337B,ED,Andes,,
9337C,EU,Ecuatoriana De Aviacion,,
9337D,EH,Saeta Airlines,,
9337E,XL,Lan Ecuador,,
9350A,GY,Guyana Airways Corporation,,
9365A,PZ,Lineas Aereas Paraguayas,,
9368A,PL,Aero Peru,,
9368B,ADQ,Aeronaves Del Peru,,
9368C,CF,Compan. De Aviacion Faucett,,
9368D,EXQ,Export Air Del Peru S.A.,,
9368E,LP,Lan Peru Airlines,,
9368F,N6,Aero Continente,,
9368G,TQQ,Taca Peru,,
9368H,A2,Cielos De Peru,,
9379A,PY,Surinam Airways Limited,,
9385A,PU,Primeras Lineas Uruguays For International,,
9385B,ASQ,Aerosur (1),,
9385C,URQ,Aero Uruguay,,
9385D,UYQ,Aerolineas Uruguayas S.A.,,
9388A,VE,Aerovias Venezolanas-Avensa,,
9388B,VA (1),Venezuelan International Airways,,
9388C,ITQ,Interamericana De Aviacion,,
9388D,ZUQ,Zuliana De Aviacion,,
9388E,LNQ,Aerolineas Latinas,,
9388F,GCQ,General Air Cargo,,
9388G,EJQ,Aeroejecutivos C.A.,,
9388H,VH,Aeropostal Alas De Venezuel,,
9388I,VC,Servicios Avensa,,
9388J,CVQ,Caraven S.A.,,
9388K,TDQ,Venexcargo,,
9388L,V5,J.D.Valenciana De Aviation,,
9388M,V4,Vensecar International,,
9403A,OS,Austrian Airlines,,
9403B,NG,Lauda Air Luftfahrt Ag,,
9409A,SN (1),Sabena Belgian World Air.,,
9409B,BEQ,Air Belgium,,
9409C,SBQ,Skyjet S.A.,,
9409D,Q7 (1),Sobelair,,
9409E,H2,City Bird,,
9411A,JX (1),Jes Air Ltd.,,
9411B,LZ,Balkan Bulgarian Airlines,,
9417A,OK,Czech Airlines,,
9418A,OK,Czech Airlines,,
9419A,CIQ,A/S Conair,,
9419B,DM,Maersk Air I/S,,
9419C,NBQ,Sterling Airways A/S,,
9419D,SIQ,Premiair,,
9419E,NB,Sterling Cargo,,
9425A,AY,Finnair Oy,,
9427A,AQQ,Air Charter (Safa),,
9427B,AF,Compagnie Natl Air France,,
9427C,CYQ,Corse Air International,,
9427D,IW,Air Liberte Aka Aom Minerve,,
9427E,UT,Union De Transports Aeriens,,
9427F,OV,Aeromaritime,,
9427G,LRQ,Air Liberte,,
9427H,EFQ,Trans Europ. Airways France,,
9427I,WEQ,Aero-Services-Corporate,,
9427J,BGQ,Airbus Transport Internat'l,,
9429A,DE,Condor Flugdienst,,
9429B,GE,Lufthansa Cargo Airlines,,
9429C,HAQ,Hapag Lloyd Flug.,,
9429D,LH,Lufthansa German Airlines,,
9429E,LT,Luftransport-Unternehmen,,
9429F,BN,Britannia Airways GmbH,,
9429G,JCQ,Jet Connection Businessflight Ag,,
9433A,OA,Olympic Airways,,
9437A,MA,Malev Hungarian Airlines,,
9439A,FI,Icelandair,,
9439B,CC,Air Atlanta Icelandic,,
9441A,QTQ,Aer Turas Teoranta,,
9441B,EI,Aer Lingus Plc,,
9441C,FB,Translift Airways Limited,,
9450A,AZ,Compagnia Aerea Italiana,,
9450B,PE,Air Europe S.P.A.,,
9454A,CV,Cargolux Airlines International S.A,,
9454B,LG,Luxair,,
9454C,LXQ,Translux Intl Airlines,,
9456A,KM,Air Malta,,
9461A,KL,Klm Royal Dutch Airlines,,
9461B,MP,Martinair Holland N.V.,,
9467A,LO,Polskie Linie Lotnicze,,
9469A,TP,Tap-Portuguese Airlines,,
9469C,MM,Euro Atlantic Airways,,
9469D,S4,Sata Internacional,,
9473A,RO,Tarom Romanian Air Transpor,,
9475A,SU,Aeroflot Russian Airlines,,
9475B,VIQ,Volga-Dnepr Airlines,,
9475C,UN,Transaero Airlines,,
9475D,NEQ,North East Cargo Airlines,,
9475E,POQ,Polyot Airlines,,
9475F,AD (1),Avia Leasing Company,,
9480A,JU (1),Yugoslav Airlines,,
9482A,UX,Air Europa,,
9482B,IB,Iberia Air Lines Of Spain,,
9482C,JK,Spanair S.A.,,
9482D,OB,Oasis International Airlines S.A.,,
9482E,A7,Air Comet S.A.,,
9484A,SIQ (1),Scanair,,
9484B,SK,Scandinavian Airlines Sys.,,
9484C,TRQ,Blue Scandinavia Ab,,
9484D,HK,Time Air Sweden Ab,,
9484E,6B,TUIfly Nordic A.B.,,
9484F,NOQ,Novair Airlines Ab,,
9486A,BBQ,Balair Ag,,
9486B,SR,Swissair Transport Co. Ltd.,,
9486C,SO,Swiss World Airways,,
9486E,PBQ,Privatair,,
9486F,8R,Edelweiss Air Ag,,
9486G,LX,Swiss International Airlines,,
9486H,GBQ,G5 Executive Ag,,
9486I,4T,Belair Airlines Ltd.,,
9488A,6U,Air Ukraine,,
9488B,ADB,Antonov Company,,
9488C,VV,Aerosvit Ukranian Airlines,,
9493A,AE,Air Europe Limited,,
9493B,TZQ,First Choice Airways,,
9493C,AZQ,Anglo Airlines Ltd.,,
9493D,BY,Britannia Airways Ltd.,,
9493E,BA,British Airways Plc,,
9493F,BD,British Midland Airways Ltd.,,
9493G,BR (1),Cal Air International Ltd.,,
9493H,MT,Thomas Cook Airlines Uk Ltd.,,
9493I,HLQ,Heavylift Cargo Airlines Lt,,
9493J,ZB,Monarch Airlines,,
9493K,VS,Virgin Atlantic Airways,,
9493L,NVQ,Novair International Airways Ltd.,,
9493M,SE (1),Das Air Cargo,,
9493N,GS,Air Foyle Limited,,
9493O,LZQ,Leisure International Airways Ltd.,,
9493P,RNQ,Mytravel Airways,,
9493Q,MT (1),Flying Colours Airlines Ltd.,,
9493R,GSQ,Global Supply System,,
9493S,E72,European Aviation Air Charter,,
9493T,TBQ,Triair Bermuda Flt Operations,,
9493U,EUQ,Air Atlanta Europe,,
9493V,JN,Excel Airways,,
9507A,VR,Transportes Aereos De Cabo,,
9522A,ET,Ethiopian Airlines,,
9529A,GH,Ghana Airways Corporation,,
9529B,7G,MK Airlines Ltd.,,
9533A,RK,Air Afrique,,
9548A,AT,Royal Air Maroc,,
9555A,WT,Nigeria Airways Ltd.,,
9562A,SA,South African Airways,,
9565A,ZL,Affretair,,
9591A,MS,Egyptair,,
9591B,ZAQ,Zas Airline Of Egypt,,
9597A,Q2,Zambia Airways Corp.,,
9605A,GF,Gulf Air Company,,
9634A,IA,Iraqi Airways,,
9636A,LY,El Al Israel Airlines Ltd.,,
9636B,5C,C.A.L Cargo Airlines,,
9636C,6H,Israir Airlines,,
9639A,RJ,Alia-(The) Royal Jordanian,,
9644A,KU,Kuwait Airways Corp.,,
9647A,ME,Middle East Airlines S.A.L.,,
9670A,SV,Saudi Arabian Airlines Corp,,
9678A,EK,Emirates,,
9679A,TK,Turk Hava Yollari A.O.,,
9703A,BG,Biman Bangladesh Airlines,,
9713A,CA,Air China,,
9713B,MU,China Eastern Airlines,,
9713C,CZ,China Southern Airlines,,
9713D,CK,China Cargo Airline,,
9729A,CX,Cathay Pacific Airways Ltd.,,
9729B,KA,Hong Kong Dragonair,,
9733A,AI,National Aviation Company of India Limited d/b/a Air India,,
9736A,NH,All Nippon Airways Co.,,
9736B,JL,Japan Air Lines Co. Ltd.,,
9736C,JD (1),Japan Air System Co. Ltd.,,
9736D,KZ,Nippon Cargo Airlines,,
9736E,JZ,Japan Air Charter Co. Ltd.,,
9736F,WL (1),World Air Network,,
9736H,HQQ,Harlequin Air Corporation,,
9736I,JO,Jalways Co. Ltd.,,
9736J,NQ,Air Japan Co,,
9746B,TH,Transmile Air Service,,
9749A,MH,Malaysian Airline System,,
9764A,PK,Pakistan International Airlines,,
9766A,PR,Philippine Airlines Inc.,,
9770A,7B,Krasair,,
9770B,H5,Magadan Airlines,,
9776A,SQ,Singapore Airlines Ltd.,,
9778A,KE,Korean Air Lines Co. Ltd.,,
9778B,OZ,Asiana Airlines Inc.,,
9781A,CI,China Airlines Ltd.,,
9781B,BR,Eva Airways Corporation,,
9782A,TG,Thai Airways International Ltd.,,
9788A,HY,Uzbekistan Airways,,
9802A,QF,Qantas Airways Ltd.,,
9821A,FJ,Air Pacific Ltd.,,
9823A,TN,Air Tahiti Nui,,
9824A,VK,Air Tungaru Corporation,,
9832A,GA,P.T. Garuda Indonesian Arwy,,
9844A,CW,Air Marshall Islands Inc.,,
9845A,ON,Air Nauru,,
9851A,NZ,Air New Zealand,,
9892A,PH,Polynesian Airlines Ltd.,,
9900A,AC,Air Canada,,
9900B,WAQ,Air Charter Systems (Acs),,
9900C,TS,Air Transat,,
9900D,BCQ,Bradley Air Services Ltd.,,
9900E,2T,Canada 3000 Airlines Ltd.,,
9900F,CP (1),Canadian Airlines International Ltd.,,
9900G,QK,Jazz Aviation LP,,
9900H,ZX (1),Airbc Ltd.,,
9900J,NWQ,N. W. Territorial Airways,,
9900K,NAQ,Nationair,,
9900M,PD (1),Pem-Air Limited,,
9900N,ND,Intair,,
9900O,KI,Time Air Ltd.,,
9900P,WWQ,Worldways Canada Ltd.,,
9900R,AAQ,Advance Air Charters,,
9900S,8J,Jetall Airways,,
9900T,SEQ,Sky Service F.B.O.,,
9900U,HB (1),Air Club International,,
9900V,QN,Royal Air,,
9900W,W8,Cargojet Airways Ltd.,,
9900X,MOQ,Morningstar Air Express,,
9900Y,WS,Westjet,,
9900Z,NLQ,Nolinor Aviation,,
,,,,
,,,,
,,,,
,,,,
,,,,
,,,,
,,,,
,,,,
,,,,
,,,,
,,,,
,,,,
,,,,
,,,,
,,,,
,,,,
,,,,
,,,,
,,,,
,,,,
,,,,
,,,,
,,,,
,,,,
,,,,
,,,,
,,,,
,,,,
,,,,
,,,,
,,,,
,,,,
,,,,
,,,,
,,,,
,,,,
,,,,
,,,,
,,,,
,,,,
,,,,
,,,,
,,,,
,,,,
,,,,
,,,,
,,,,
,,,,
,,,,
,,,,
,,,,
,,,,
,,,,
,,,,
,,,,
,,,,
,,,,
,,,,
,,,,
,,,,
,,,,
,,,,
,,,,
,,,,
,,,,
,,,,
,,,,
,,,,
,,,,
,,,,
,,,,
,,,,
,,,,
,,,,
,,,,
,,,,
,,,,
,,,,
,,,,
,,,,
,,,,
,,,,
,,,,
,,,,
,,,,
,,,,
,,,,
,,,,
,,,,
,,,,
,,,,
,,,,
,,,,
,,,,
,,,,
,,,,
,,,,
,,,,
,,,,
,,,,
,,,,
,,,,
,,,,
,,,,
,,,,
,,,,
,,,,
,,,,
,,,,
,,,,
,,,,
,,,,
,,,,
,,,,
,,,,
,,,,
,,,,
,,,,
,,,,
,,,,
,,,,
,,,,
,,,,
,,,,
,,,,
,,,,
,,,,
,,,,
,,,,
,,,,
,,,,
,,,,
,,,,
,,,,
,,,,
,,,,
,,,,
,,,,
,,,,
,,,,
,,,,
,,,,
,,,,
,,,,
,,,,
,,,,
,,,,
,,,,
,,,,
,,,,
,,,,
,,,,
,,,,
,,,,
,,,,
,,,,
,,,,
,,,,
,,,,
,,,,
,,,,
,,,,
,,,,
,,,,
,,,,
,,,,
,,,,
,,,,
,,,,
,,,,
,,,,
,,,,
,,,,
,,,,
,,,,
,,,,
,,,,
,,,,
,,,,
,,,,
,,,,
,,,,
,,,,
,,,,
,,,,
,,,,
,,,,
,,,,
,,,,
,,,,
,,,,
,,,,
,,,,
,,,,
,,,,
,,,,
,,,,
,,,,
,,,,
,,,,
,,,,
,,,,
,,,,
,,,,
,,,,
,,,,
,,,,
,,,,
,,,,
,,,,
,,,,
,,,,
,,,,
,,,,
,,,,
,,,,
,,,,
,,,,
,,,,
,,,,
,,,,
,,,,
,,,,
,,,,
,,,,
,,,,
,,,,
,,,,
,,,,
,,,,
,,,,
,,,,
,,,,
,,,,
,,,,
,,,,
,,,,
,,,,
,,,,
,,,,
,,,,
,,,,
,,,,
,,,,
,,,,
,,,,
,,,,
,,,,
,,,,
,,,,
,,,,
,,,,
,,,,
,,,,
,,,,
,,,,
,,,,
,,,,
,,,,
,,,,
,,,,
,,,,
,,,,
,,,,
,,,,
,,,,
,,,,
,,,,
,,,,
,,,,
,,,,
,,,,
,,,,
,,,,
,,,,
,,,,
,,,,
,,,,
,,,,
,,,,
,,,,
,,,,
,,,,
,,,,
,,,,
,,,,
,,,,
,,,,
,,,,
,,,,
,,,,
,,,,
,,,,
,,,,
,,,,
,,,,
,,,,
,,,,
,,,,
,,,,
,,,,
,,,,
,,,,
,,,,
,,,,
,,,,
,,,,
,,,,
,,,,
,,,,
,,,,
,,,,
,,,,
,,,,
,,,,
,,,,
,,,,
,,,,
,,,,
,,,,
,,,,
,,,,
,,,,
,,,,
,,,,
,,,,
,,,,
,,,,
,,,,
,,,,
,,,,
,,,,
,,,,
,,,,
,,,,
,,,,
,,,,
,,,,
,,,,
,,,,
,,,,
,,,,
,,,,
,,,,
,,,,
,,,,
,,,,
,,,,
,,,,
,,,,
,,,,
,,,,
,,,,
,,,,
,,,,
,,,,
,,,,
,,,,
,,,,
,,,,
,,,,
,,,,
,,,,
,,,,
,,,,
,,,,
,,,,
,,,,
,,,,
,,,,
,,,,
,,,,
,,,,
,,,,
,,,,
,,,,
,,,,
,,,,
,,,,
,,,,
,,,,
,,,,
,,,,
,,,,
,,,,
,,,,
,,,,
,,,,
,,,,
,,,,
,,,,
,,,,
,,,,
,,,,
,,,,
,,,,
,,,,
,,,,
,,,,
,,,,
,,,,
,,,,
,,,,
,,,,
,,,,
,,,,
,,,,
,,,,
,,,,
,,,,
,,,,
,,,,
,,,,
,,,,
,,,,
,,,,
,,,,
,,,,
,,,,
,,,,
,,,,
,,,,
,,,,
,,,,
,,,,
,,,,
,,,,
,,,,
,,,,
,,,,
,,,,
,,,,
,,,,
,,,,
,,,,
,,,,
,,,,
,,,,
,,,,
,,,,
,,,,
,,,,
,,,,
,,,,
,,,,
,,,,
,,,,
,,,,
,,,,
,,,,
,,,,
,,,,
,,,,
,,,,
,,,,
,,,,
,,,,
,,,,
,,,,
,,,,
,,,,
,,,,
,,,,
,,,,
,,,,
,,,,
,,,,
,,,,
,,,,
,,,,
,,,,
,,,,
,,,,
,,,,
,,,,
,,,,
,,,,
,,,,
,,,,
,,,,
,,,,
,,,,
,,,,
,,,,
,,,,
,,,,
,,,,
,,,,
,,,,
,,,,
,,,,
,,,,
,,,,
,,,,
,,,,
,,,,
