State_NM,State_ABR,State_Fips,WAC,Airport_Seq_ID,City_Name,,
Alabama,AL,1,51,1059904,Birmingham,,
Alabama,AL,1,51,1221702,Huntsville,,
Alaska,AK,2,1,1029904,Anchorage,,
Arizona,AZ,4,81,1046602,Phoenix,,
Arizona,AZ,4,81,1408102,Page,,
Arizona,AZ,4,81,1423703,Prescott,,
Arizona,AZ,4,81,1059004,Bullhead City,,
Arizona,AZ,4,81,1537602,Tucson,,
Arizona,AZ,4,81,1410702,Phoenix,,
Arkansas,AR,5,71,1299204,Little Rock,,
Arkansas,AR,5,71,1591902,Fayetteville,,
California,CA,6,91,1389101,Ontario,,
California,CA,6,91,1163805,Fresno,,
California,CA,6,91,1379604,Oakland,,
California,CA,6,91,1080003,Burbank,,
California,CA,6,91,1289205,Los Angeles,,
California,CA,6,91,1477102,San Francisco,,
California,CA,6,91,1490803,Santa Ana,,
California,CA,6,91,1467903,San Diego,,
California,CA,6,91,1483104,San Jose,,
California,CA,6,91,1469802,San Luis Obispo,,
California,CA,6,91,1295403,Long Beach,,
California,CA,6,91,1426204,Palm Springs,,
California,CA,6,91,1468902,Santa Barbara,,
California,CA,6,91,1056103,Bakersfield,,
California,CA,6,91,1489302,Sacramento,,
Colorado,CO,8,82,1129202,Denver,,
Colorado,CO,8,82,1141304,Durango,,
Colorado,CO,8,82,1150303,Eagle,,
Colorado,CO,8,82,1110902,Colorado Springs,,
Colorado,CO,8,82,1032504,Denver,,
Colorado,CO,8,82,1192102,Grand Junction,,
Colorado,CO,8,82,1209402,Hayden,,
Colorado,CO,8,82,1037203,Aspen,,
Colorado,CO,8,82,1517702,Telluride,,
Colorado,CO,8,82,1350202,Montrose/Delta,,
Colorado,CO,8,82,1027203,Alamosa,,
Colorado,CO,8,82,1171902,Fort Collins/Loveland,,
Colorado,CO,8,82,1428803,Pueblo,,
Colorado,CO,8,82,1095002,Cortez,,
Colorado,CO,8,82,1201203,Gunnison,,
Connecticut,CT,9,11,1052904,Hartford,,
Florida,FL,12,33,1148102,Panama City,,
Florida,FL,12,33,1530402,Tampa,,
Florida,FL,12,33,1402702,West Palm Beach/Palm Beach,,
Florida,FL,12,33,1320402,Orlando,,
Florida,FL,12,33,1463502,Fort Myers,,
Florida,FL,12,33,1419304,Pensacola,,
Florida,FL,12,33,1245102,Jacksonville,,
Florida,FL,12,33,1330303,Miami,,
Florida,FL,12,33,1169704,Fort Lauderdale,,
Georgia,GA,13,34,1039705,Atlanta,,
Hawaii,HI,15,2,1298202,Lihue,,
Hawaii,HI,15,2,1275803,Kona,,
Hawaii,HI,15,2,1383002,Kahului,,
Hawaii,HI,15,2,1217302,Honolulu,,
Idaho,ID,16,83,1228002,Idaho Falls,,
Idaho,ID,16,83,1071302,Boise,,
Illinois,IL,17,41,1451202,Rockford,,
Illinois,IL,17,41,1393004,Chicago,,
Illinois,IL,17,41,1336703,Moline,,
Illinois,IL,17,41,1323202,Chicago,,
Indiana,IN,18,42,1233904,Indianapolis,,
Iowa,IA,19,61,1142304,Des Moines,,
Iowa,IA,19,61,1100303,Cedar Rapids/Iowa City,,
Kansas,KS,20,62,1227803,Wichita,,
Kansas,KS,20,62,1290203,Liberal,,
Kansas,KS,20,62,1128302,Dodge City,,
Kansas,KS,20,62,1225502,Hays,,
Kansas,KS,20,62,1487704,Salina,,
Kentucky,KY,21,52,1473003,Louisville,,
Kentucky,KY,21,52,1119302,Cincinnati,,
Louisiana,LA,22,72,1481402,Shreveport,,
Louisiana,LA,22,72,1349503,New Orleans,,
Maryland,MD,24,35,1082104,Baltimore,,
Massachusetts,MA,25,13,1072102,Boston,,
Michigan,MI,26,43,1198603,Grand Rapids,,
Michigan,MI,26,43,1143302,Detroit,,
Minnesota,MN,27,63,1348702,Minneapolis,,
Missouri,MO,29,64,1319801,Kansas City,,
Missouri,MO,29,64,1501603,St. Louis,,
Missouri,MO,29,64,1334102,Kansas City,,
Missouri,MO,29,64,1064301,Branson,,
Missouri,MO,29,64,1478302,Springfield,,
Montana,MT,30,84,1062002,Billings,,
Montana,MT,30,84,1084903,Bozeman,,
Montana,MT,30,84,1200302,Great Falls,,
Montana,MT,30,84,1164802,Kalispell,,
Montana,MT,30,84,1215603,Helena,,
Montana,MT,30,84,1348602,Missoula,,
Nebraska,NE,31,65,1055803,Scottsbluff,,
Nebraska,NE,31,65,1022103,Alliance,,
Nebraska,NE,31,65,1387102,Omaha,,
Nebraska,NE,31,65,1320002,McCook,,
Nebraska,NE,31,65,1289902,North Platte,,
Nebraska,NE,31,65,1092502,Chadron,,
Nebraska,NE,31,65,1146802,Kearney,,
Nebraska,NE,31,65,1302902,Lincoln,,
Nevada,NV,32,85,1288903,Las Vegas,,
Nevada,NV,32,85,1457002,Reno,,
New Hampshire,NH,33,14,1329604,Manchester,,
New Jersey,NJ,34,21,1535602,Trenton,,
New Jersey,NJ,34,21,1161802,Newark,,
New Mexico,NM,35,86,1014003,Albuquerque,,
New Mexico,NM,35,86,1171102,Farmington,,
New Mexico,NM,35,86,1467402,Santa Fe,,
New York,NY,36,22,1457604,Rochester,,
New York,NY,36,22,1239102,Islip,,
New York,NY,36,22,1079204,Buffalo,,
New York,NY,36,22,1295302,New York,,
New York,NY,36,22,1025702,Albany,,
New York,NY,36,22,1247803,New York,,
North Carolina,NC,37,36,1254403,CONCORD,,
North Carolina,NC,37,36,1105703,Charlotte,,
North Carolina,NC,37,36,1199502,Greensboro/High Point,,
North Carolina,NC,37,36,1449202,Raleigh/Durham,,
North Dakota,ND,38,66,1131502,Dickinson,,
North Dakota,ND,38,66,1238902,Williston,,
North Dakota,ND,38,66,1144703,Devils Lake,,
North Dakota,ND,38,66,1251902,Jamestown,,
North Dakota,ND,38,66,1163703,Fargo,,
North Dakota,ND,38,66,1062702,Bismarck/Mandan,,
North Dakota,ND,38,66,1343302,Minot,,
Ohio,OH,39,44,1106603,Columbus,,
Ohio,OH,39,44,1104203,Cleveland,,
Ohio,OH,39,44,1126702,Dayton,,
Oklahoma,OK,40,73,1385103,Oklahoma City,,
Oklahoma,OK,40,73,1537002,Tulsa,,
Oregon,OR,41,92,1405702,Portland,,
Oregon,OR,41,92,1396403,North Bend/Coos Bay,,
Oregon,OR,41,92,1326403,Medford,,
Oregon,OR,41,92,1160302,Eugene,,
Oregon,OR,41,92,1448902,Bend/Redmond,,
Pennsylvania,PA,42,23,1410002,Philadelphia,,
Pennsylvania,PA,42,23,1412202,Pittsburgh,,
Puerto Rico,PR,72,3,1484304,San Juan,,
Rhode Island,RI,44,15,1430702,Providence,,
South Carolina,SC,45,37,1099402,Charleston,,
South Dakota,SD,46,67,1177502,Sioux Falls,,
South Dakota,SD,46,67,1412002,Pierre,,
South Dakota,SD,46,67,1445702,Rapid City,,
Tennessee,TN,47,54,1324402,Memphis,,
Tennessee,TN,47,54,1541203,Knoxville,,
Tennessee,TN,47,54,1069302,Nashville,,
Texas,TX,48,74,1325602,Mission/McAllen/Edinburg,,
Texas,TX,48,74,1019403,Dallas/Fort Worth,,
Texas,TX,48,74,1042302,Austin,,
Texas,TX,48,74,1479201,Sugar Land,,
Texas,TX,48,74,1220603,Harlingen/San Benito,,
Texas,TX,48,74,1074702,Brownsville,,
Texas,TX,48,74,1129804,Dallas/Fort Worth,,
Texas,TX,48,74,1226603,Houston,,
Texas,TX,48,74,1289605,Lubbock,,
Texas,TX,48,74,1027903,Amarillo,,
Texas,TX,48,74,1468303,San Antonio,,
Texas,TX,48,74,1154003,El Paso,,
Texas,TX,48,74,1315803,Midland/Odessa,,
Texas,TX,48,74,1219102,Houston,,
Texas,TX,48,74,1125903,Dallas,,
Utah,UT,49,87,1486903,Salt Lake City,,
Utah,UT,49,87,1156303,Wendover,,
Utah,UT,49,87,1109202,Moab,,
Utah,UT,49,87,1558202,Vernal,,
Utah,UT,49,87,1479403,St. George,,
Virginia,VA,51,38,1452401,Richmond,,
Virginia,VA,51,38,1393102,Norfolk,,
Virginia,VA,51,38,1127803,Washington,,
Virginia,VA,51,38,1226402,Washington,,
Washington,WA,53,93,1188402,Spokane,,
Washington,WA,53,93,1474703,Seattle,,
Washington,WA,53,93,1425202,Pasco/Kennewick/Richland,,
Wisconsin,WI,55,45,1348502,Madison,,
Wisconsin,WI,55,45,1334205,Milwaukee,,
Wyoming,WY,56,88,1112203,Casper,,
Wyoming,WY,56,88,1123302,Cheyenne,,
Wyoming,WY,56,88,1244102,Jackson,,
Wyoming,WY,56,88,1109702,Cody,,
Wyoming,WY,56,88,1453402,Riverton/Lander,,
Wyoming,WY,56,88,1288802,Laramie,,
Wyoming,WY,56,88,1454302,Rock Springs,,
Wyoming,WY,56,88,1186502,Gillette,,
,,,,,,,
,,,,,,,
,,,,,,,
,,,,,,,
,,,,,,,
,,,,,,,
,,,,,,,
,,,,,,,
,,,,,,,
,,,,,,,
,,,,,,,
,,,,,,,
,,,,,,,
,,,,,,,
,,,,,,,
,,,,,,,
,,,,,,,
,,,,,,,
,,,,,,,
,,,,,,,
,,,,,,,
,,,,,,,
,,,,,,,
,,,,,,,
,,,,,,,
,,,,,,,
,,,,,,,
,,,,,,,
,,,,,,,
,,,,,,,
,,,,,,,
,,,,,,,
,,,,,,,
,,,,,,,
,,,,,,,
,,,,,,,
,,,,,,,
,,,,,,,
,,,,,,,
,,,,,,,
,,,,,,,
,,,,,,,
,,,,,,,
,,,,,,,
,,,,,,,
,,,,,,,
,,,,,,,
,,,,,,,
,,,,,,,
,,,,,,,
,,,,,,,
,,,,,,,
,,,,,,,
,,,,,,,
,,,,,,,
,,,,,,,
,,,,,,,
,,,,,,,
,,,,,,,
,,,,,,,
,,,,,,,
,,,,,,,
,,,,,,,
,,,,,,,
,,,,,,,
,,,,,,,
,,,,,,,
,,,,,,,
,,,,,,,
,,,,,,,
,,,,,,,
,,,,,,,
,,,,,,,
,,,,,,,
,,,,,,,
,,,,,,,
,,,,,,,
,,,,,,,
,,,,,,,
,,,,,,,
,,,,,,,
,,,,,,,
,,,,,,,
,,,,,,,
,,,,,,,
,,,,,,,
,,,,,,,
,,,,,,,
,,,,,,,
,,,,,,,
,,,,,,,
,,,,,,,
,,,,,,,
,,,,,,,
,,,,,,,
,,,,,,,
,,,,,,,
,,,,,,,
,,,,,,,
,,,,,,,
,,,,,,,
,,,,,,,
,,,,,,,
,,,,,,,
,,,,,,,
,,,,,,,
,,,,,,,
,,,,,,,
,,,,,,,
,,,,,,,
,,,,,,,
,,,,,,,
,,,,,,,
,,,,,,,
,,,,,,,
,,,,,,,
,,,,,,,
,,,,,,,
,,,,,,,
,,,,,,,
,,,,,,,
,,,,,,,
,,,,,,,
,,,,,,,
,,,,,,,
,,,,,,,
,,,,,,,
,,,,,,,
,,,,,,,
,,,,,,,
,,,,,,,
,,,,,,,
,,,,,,,
,,,,,,,
,,,,,,,
,,,,,,,
,,,,,,,
,,,,,,,
,,,,,,,
,,,,,,,
,,,,,,,
,,,,,,,
,,,,,,,
,,,,,,,
,,,,,,,
,,,,,,,
,,,,,,,
,,,,,,,
,,,,,,,
,,,,,,,
,,,,,,,
,,,,,,,
,,,,,,,
,,,,,,,
,,,,,,,
,,,,,,,
,,,,,,,
,,,,,,,
,,,,,,,
,,,,,,,
,,,,,,,
,,,,,,,
,,,,,,,
,,,,,,,
,,,,,,,
,,,,,,,
,,,,,,,
,,,,,,,
,,,,,,,
,,,,,,,
,,,,,,,
,,,,,,,
,,,,,,,
,,,,,,,
,,,,,,,
,,,,,,,
,,,,,,,
,,,,,,,
,,,,,,,
,,,,,,,
,,,,,,,
,,,,,,,
,,,,,,,
,,,,,,,
,,,,,,,
,,,,,,,
,,,,,,,
,,,,,,,
,,,,,,,
,,,,,,,
,,,,,,,
,,,,,,,
,,,,,,,
,,,,,,,
,,,,,,,
,,,,,,,
,,,,,,,
,,,,,,,
,,,,,,,
,,,,,,,
,,,,,,,
,,,,,,,
,,,,,,,
,,,,,,,
,,,,,,,
,,,,,,,
,,,,,,,
,,,,,,,
,,,,,,,
,,,,,,,
,,,,,,,
,,,,,,,
,,,,,,,
,,,,,,,
,,,,,,,
,,,,,,,
,,,,,,,
,,,,,,,
,,,,,,,
,,,,,,,
,,,,,,,
,,,,,,,
,,,,,,,
,,,,,,,
,,,,,,,
,,,,,,,
,,,,,,,
,,,,,,,
,,,,,,,
,,,,,,,
,,,,,,,
,,,,,,,
,,,,,,,
,,,,,,,
,,,,,,,
,,,,,,,
,,,,,,,
,,,,,,,
,,,,,,,
,,,,,,,
,,,,,,,
,,,,,,,
,,,,,,,
,,,,,,,
,,,,,,,
,,,,,,,
,,,,,,,
,,,,,,,
,,,,,,,
,,,,,,,
,,,,,,,
,,,,,,,
,,,,,,,
,,,,,,,
,,,,,,,
,,,,,,,
,,,,,,,
,,,,,,,
,,,,,,,
,,,,,,,
,,,,,,,
,,,,,,,
,,,,,,,
,,,,,,,
,,,,,,,
,,,,,,,
,,,,,,,
,,,,,,,
,,,,,,,
,,,,,,,
,,,,,,,
,,,,,,,
,,,,,,,
,,,,,,,
,,,,,,,
,,,,,,,
,,,,,,,
,,,,,,,
,,,,,,,
,,,,,,,
,,,,,,,
,,,,,,,
,,,,,,,
,,,,,,,
,,,,,,,
,,,,,,,
,,,,,,,
,,,,,,,
,,,,,,,
,,,,,,,
,,,,,,,
,,,,,,,
,,,,,,,
,,,,,,,
,,,,,,,
,,,,,,,
,,,,,,,
,,,,,,,
,,,,,,,
,,,,,,,
,,,,,,,
,,,,,,,
,,,,,,,
,,,,,,,
,,,,,,,
,,,,,,,
,,,,,,,
,,,,,,,
,,,,,,,
,,,,,,,
,,,,,,,
,,,,,,,
,,,,,,,
,,,,,,,
,,,,,,,
,,,,,,,
,,,,,,,
,,,,,,,
,,,,,,,
,,,,,,,
,,,,,,,
,,,,,,,
,,,,,,,
,,,,,,,
,,,,,,,
,,,,,,,
,,,,,,,
,,,,,,,
,,,,,,,
,,,,,,,
,,,,,,,
,,,,,,,
,,,,,,,
,,,,,,,
,,,,,,,
,,,,,,,
,,,,,,,
,,,,,,,
,,,,,,,
,,,,,,,
,,,,,,,
,,,,,,,
,,,,,,,
,,,,,,,
,,,,,,,
,,,,,,,
,,,,,,,
,,,,,,,
,,,,,,,
,,,,,,,
,,,,,,,
,,,,,,,
,,,,,,,
,,,,,,,
,,,,,,,
,,,,,,,
,,,,,,,
,,,,,,,
,,,,,,,
,,,,,,,
,,,,,,,
,,,,,,,
,,,,,,,
,,,,,,,
,,,,,,,
,,,,,,,
,,,,,,,
,,,,,,,
,,,,,,,
,,,,,,,
,,,,,,,
,,,,,,,
,,,,,,,
,,,,,,,
,,,,,,,
,,,,,,,
,,,,,,,
,,,,,,,
,,,,,,,
,,,,,,,
,,,,,,,
,,,,,,,
,,,,,,,
,,,,,,,
,,,,,,,
,,,,,,,
,,,,,,,
,,,,,,,
,,,,,,,
,,,,,,,
,,,,,,,
,,,,,,,
,,,,,,,
,,,,,,,
,,,,,,,
,,,,,,,
,,,,,,,
,,,,,,,
,,,,,,,
,,,,,,,
,,,,,,,
,,,,,,,
,,,,,,,
,,,,,,,
,,,,,,,
,,,,,,,
,,,,,,,
,,,,,,,
,,,,,,,
,,,,,,,
,,,,,,,
,,,,,,,
,,,,,,,
,,,,,,,
,,,,,,,
,,,,,,,
,,,,,,,
,,,,,,,
,,,,,,,
,,,,,,,
,,,,,,,
,,,,,,,
,,,,,,,
,,,,,,,
,,,,,,,
,,,,,,,
,,,,,,,
,,,,,,,
,,,,,,,
,,,,,,,
,,,,,,,
,,,,,,,
,,,,,,,
,,,,,,,
,,,,,,,
,,,,,,,
,,,,,,,
,,,,,,,
,,,,,,,
,,,,,,,
,,,,,,,
,,,,,,,
,,,,,,,
,,,,,,,
,,,,,,,
,,,,,,,
,,,,,,,
,,,,,,,
,,,,,,,
,,,,,,,
,,,,,,,
,,,,,,,
,,,,,,,
,,,,,,,
,,,,,,,
,,,,,,,
,,,,,,,
,,,,,,,
,,,,,,,
,,,,,,,
,,,,,,,
,,,,,,,
,,,,,,,
,,,,,,,
,,,,,,,
,,,,,,,
,,,,,,,
,,,,,,,
,,,,,,,
,,,,,,,
,,,,,,,
,,,,,,,
,,,,,,,
,,,,,,,
,,,,,,,
,,,,,,,
,,,,,,,
,,,,,,,
,,,,,,,
,,,,,,,
,,,,,,,
,,,,,,,
,,,,,,,
,,,,,,,
,,,,,,,
,,,,,,,
,,,,,,,
,,,,,,,
,,,,,,,
,,,,,,,
,,,,,,,
,,,,,,,
,,,,,,,
,,,,,,,
,,,,,,,
,,,,,,,
,,,,,,,
,,,,,,,
,,,,,,,
,,,,,,,
,,,,,,,
,,,,,,,
,,,,,,,
,,,,,,,
,,,,,,,
,,,,,,,
,,,,,,,
,,,,,,,
,,,,,,,
,,,,,,,
,,,,,,,
,,,,,,,
,,,,,,,
,,,,,,,
,,,,,,,
,,,,,,,
,,,,,,,
,,,,,,,
,,,,,,,
,,,,,,,
,,,,,,,
,,,,,,,
,,,,,,,
,,,,,,,
,,,,,,,
,,,,,,,
,,,,,,,
,,,,,,,
,,,,,,,
,,,,,,,
,,,,,,,
,,,,,,,
,,,,,,,
,,,,,,,
,,,,,,,
,,,,,,,
,,,,,,,
,,,,,,,
,,,,,,,
,,,,,,,
,,,,,,,
,,,,,,,
,,,,,,,
,,,,,,,
,,,,,,,
,,,,,,,
,,,,,,,
,,,,,,,
,,,,,,,
,,,,,,,
,,,,,,,
,,,,,,,
,,,,,,,
,,,,,,,
,,,,,,,
,,,,,,,
,,,,,,,
,,,,,,,
,,,,,,,
,,,,,,,
,,,,,,,
,,,,,,,
,,,,,,,
,,,,,,,
,,,,,,,
,,,,,,,
,,,,,,,
,,,,,,,
,,,,,,,
,,,,,,,
,,,,,,,
,,,,,,,
,,,,,,,
,,,,,,,
,,,,,,,
,,,,,,,
,,,,,,,
,,,,,,,
,,,,,,,
,,,,,,,
,,,,,,,
,,,,,,,
,,,,,,,
,,,,,,,
,,,,,,,
,,,,,,,
,,,,,,,
,,,,,,,
,,,,,,,
,,,,,,,
,,,,,,,
,,,,,,,
,,,,,,,
,,,,,,,
,,,,,,,
,,,,,,,
,,,,,,,
,,,,,,,
,,,,,,,
,,,,,,,
,,,,,,,
,,,,,,,
,,,,,,,
,,,,,,,
,,,,,,,
,,,,,,,
,,,,,,,
,,,,,,,
,,,,,,,
,,,,,,,
,,,,,,,
,,,,,,,
,,,,,,,
,,,,,,,
,,,,,,,
,,,,,,,
,,,,,,,
,,,,,,,
,,,,,,,
,,,,,,,
,,,,,,,
,,,,,,,
,,,,,,,
,,,,,,,
,,,,,,,
,,,,,,,
,,,,,,,
,,,,,,,
,,,,,,,
,,,,,,,
,,,,,,,
,,,,,,,
,,,,,,,
,,,,,,,
,,,,,,,
,,,,,,,
,,,,,,,
,,,,,,,
,,,,,,,
,,,,,,,
,,,,,,,
,,,,,,,
,,,,,,,
,,,,,,,
,,,,,,,
,,,,,,,
,,,,,,,
,,,,,,,
,,,,,,,
,,,,,,,
,,,,,,,
,,,,,,,
,,,,,,,
,,,,,,,
,,,,,,,
,,,,,,,
,,,,,,,
,,,,,,,
,,,,,,,
,,,,,,,
,,,,,,,
,,,,,,,
,,,,,,,
,,,,,,,
,,,,,,,
,,,,,,,
,,,,,,,
,,,,,,,
,,,,,,,
,,,,,,,
,,,,,,,
,,,,,,,
,,,,,,,
,,,,,,,
,,,,,,,
,,,,,,,
,,,,,,,
,,,,,,,
,,,,,,,
,,,,,,,
,,,,,,,
,,,,,,,
,,,,,,,
,,,,,,,
,,,,,,,
,,,,,,,
,,,,,,,
,,,,,,,
,,,,,,,
,,,,,,,
,,,,,,,
,,,,,,,
,,,,,,,
,,,,,,,
,,,,,,,
,,,,,,,
,,,,,,,
,,,,,,,
,,,,,,,
,,,,,,,
,,,,,,,
,,,,,,,
,,,,,,,
,,,,,,,
,,,,,,,
,,,,,,,
,,,,,,,
,,,,,,,
,,,,,,,
,,,,,,,
,,,,,,,
,,,,,,,
,,,,,,,
,,,,,,,
,,,,,,,
,,,,,,,
,,,,,,,
,,,,,,,
,,,,,,,
,,,,,,,
,,,,,,,
,,,,,,,
,,,,,,,
,,,,,,,
,,,,,,,
,,,,,,,
,,,,,,,
,,,,,,,
,,,,,,,
,,,,,,,
,,,,,,,
,,,,,,,
,,,,,,,
,,,,,,,
,,,,,,,
,,,,,,,
,,,,,,,
,,,,,,,
,,,,,,,
,,,,,,,
,,,,,,,
,,,,,,,
,,,,,,,
,,,,,,,
,,,,,,,
,,,,,,,
,,,,,,,
,,,,,,,
,,,,,,,
,,,,,,,
,,,,,,,
,,,,,,,
,,,,,,,
,,,,,,,
,,,,,,,
,,,,,,,
,,,,,,,
,,,,,,,
,,,,,,,
,,,,,,,
,,,,,,,
,,,,,,,
,,,,,,,
,,,,,,,
,,,,,,,
,,,,,,,
,,,,,,,
,,,,,,,
,,,,,,,
,,,,,,,
,,,,,,,
,,,,,,,
,,,,,,,
,,,,,,,
,,,,,,,
,,,,,,,
,,,,,,,
,,,,,,,
,,,,,,,
,,,,,,,
,,,,,,,
,,,,,,,
,,,,,,,
,,,,,,,
,,,,,,,
,,,,,,,
,,,,,,,
,,,,,,,
,,,,,,,
,,,,,,,
,,,,,,,
,,,,,,,
,,,,,,,
,,,,,,,
,,,,,,,
,,,,,,,
,,,,,,,
,,,,,,,
,,,,,,,
,,,,,,,
,,,,,,,
,,,,,,,
,,,,,,,
,,,,,,,
,,,,,,,
,,,,,,,
,,,,,,,
,,,,,,,
,,,,,,,
,,,,,,,
,,,,,,,
,,,,,,,
,,,,,,,
,,,,,,,
,,,,,,,
,,,,,,,
,,,,,,,
,,,,,,,
,,,,,,,
,,,,,,,
,,,,,,,
,,,,,,,
,,,,,,,
,,,,,,,
,,,,,,,
,,,,,,,
,,,,,,,
,,,,,,,
,,,,,,,
,,,,,,,
,,,,,,,
,,,,,,,
,,,,,,,
,,,,,,,
,,,,,,,
,,,,,,,
,,,,,,,
,,,,,,,
,,,,,,,
,,,,,,,
,,,,,,,
,,,,,,,
,,,,,,,
,,,,,,,
,,,,,,,
,,,,,,,
,,,,,,,
,,,,,,,
,,,,,,,
,,,,,,,
,,,,,,,
,,,,,,,
,,,,,,,
,,,,,,,
,,,,,,,
,,,,,,,
,,,,,,,
,,,,,,,
,,,,,,,
,,,,,,,
,,,,,,,
,,,,,,,
,,,,,,,
,,,,,,,
,,,,,,,
,,,,,,,
,,,,,,,
,,,,,,,
,,,,,,,
,,,,,,,
,,,,,,,
,,,,,,,
,,,,,,,
,,,,,,,
,,,,,,,
,,,,,,,
,,,,,,,
,,,,,,,
,,,,,,,
,,,,,,,
,,,,,,,
,,,,,,,
,,,,,,,
,,,,,,,
,,,,,,,
,,,,,,,
,,,,,,,
,,,,,,,
,,,,,,,
,,,,,,,
,,,,,,,
,,,,,,,
,,,,,,,
,,,,,,,
,,,,,,,
,,,,,,,
,,,,,,,
,,,,,,,
,,,,,,,
,,,,,,,
,,,,,,,
,,,,,,,
,,,,,,,
,,,,,,,
,,,,,,,
,,,,,,,
,,,,,,,
,,,,,,,
,,,,,,,
,,,,,,,
,,,,,,,
,,,,,,,
,,,,,,,
,,,,,,,
,,,,,,,
,,,,,,,
,,,,,,,
,,,,,,,
,,,,,,,
,,,,,,,
,,,,,,,
,,,,,,,
,,,,,,,
,,,,,,,
,,,,,,,
,,,,,,,
,,,,,,,
,,,,,,,
,,,,,,,
,,,,,,,
,,,,,,,
,,,,,,,
,,,,,,,
,,,,,,,
,,,,,,,
,,,,,,,
,,,,,,,
,,,,,,,
,,,,,,,
,,,,,,,
,,,,,,,
,,,,,,,
,,,,,,,
,,,,,,,
,,,,,,,
,,,,,,,
,,,,,,,
,,,,,,,
,,,,,,,
,,,,,,,
,,,,,,,
,,,,,,,
,,,,,,,
,,,,,,,
,,,,,,,
,,,,,,,
,,,,,,,
,,,,,,,
,,,,,,,
,,,,,,,
,,,,,,,
,,,,,,,
,,,,,,,
,,,,,,,
,,,,,,,
,,,,,,,
,,,,,,,
,,,,,,,
,,,,,,,
,,,,,,,
,,,,,,,
,,,,,,,
,,,,,,,
,,,,,,,
,,,,,,,
,,,,,,,
,,,,,,,
,,,,,,,
,,,,,,,
,,,,,,,
,,,,,,,
,,,,,,,
,,,,,,,
,,,,,,,
,,,,,,,
,,,,,,,
,,,,,,,
,,,,,,,
,,,,,,,
,,,,,,,
,,,,,,,
,,,,,,,
,,,,,,,
,,,,,,,
,,,,,,,
,,,,,,,
,,,,,,,
,,,,,,,
,,,,,,,
,,,,,,,
,,,,,,,
,,,,,,,
,,,,,,,
,,,,,,,
,,,,,,,
,,,,,,,
,,,,,,,
,,,,,,,
,,,,,,,
,,,,,,,
,,,,,,,
,,,,,,,
,,,,,,,
,,,,,,,
,,,,,,,
,,,,,,,
,,,,,,,
,,,,,,,
,,,,,,,
,,,,,,,
,,,,,,,
,,,,,,,
,,,,,,,
,,,,,,,
,,,,,,,
,,,,,,,
,,,,,,,
,,,,,,,
,,,,,,,
,,,,,,,
,,,,,,,
,,,,,,,
,,,,,,,
,,,,,,,
,,,,,,,
,,,,,,,
,,,,,,,
,,,,,,,
,,,,,,,
,,,,,,,
,,,,,,,
,,,,,,,
,,,,,,,
,,,,,,,
,,,,,,,
,,,,,,,
,,,,,,,
,,,,,,,
,,,,,,,
,,,,,,,
,,,,,,,
,,,,,,,
,,,,,,,
,,,,,,,
,,,,,,,
,,,,,,,
,,,,,,,
,,,,,,,
,,,,,,,
,,,,,,,
,,,,,,,
,,,,,,,
,,,,,,,
,,,,,,,
,,,,,,,
,,,,,,,
,,,,,,,
,,,,,,,
,,,,,,,
,,,,,,,
,,,,,,,
,,,,,,,
,,,,,,,
,,,,,,,
,,,,,,,
,,,,,,,
,,,,,,,
,,,,,,,
,,,,,,,
,,,,,,,
,,,,,,,
,,,,,,,
,,,,,,,
,,,,,,,
,,,,,,,
,,,,,,,
,,,,,,,
,,,,,,,
,,,,,,,
,,,,,,,
,,,,,,,
,,,,,,,
,,,,,,,
,,,,,,,
,,,,,,,
,,,,,,,
,,,,,,,
,,,,,,,
,,,,,,,
,,,,,,,
,,,,,,,
,,,,,,,
,,,,,,,
,,,,,,,
,,,,,,,
,,,,,,,
,,,,,,,
,,,,,,,
,,,,,,,
,,,,,,,
,,,,,,,
,,,,,,,
,,,,,,,
,,,,,,,
,,,,,,,
,,,,,,,
,,,,,,,
,,,,,,,
,,,,,,,
,,,,,,,
,,,,,,,
,,,,,,,
,,,,,,,
,,,,,,,
,,,,,,,
,,,,,,,
,,,,,,,
,,,,,,,
,,,,,,,
,,,,,,,
,,,,,,,
,,,,,,,
,,,,,,,
,,,,,,,
,,,,,,,
,,,,,,,
,,,,,,,
,,,,,,,
,,,,,,,
,,,,,,,
,,,,,,,
,,,,,,,
,,,,,,,
,,,,,,,
,,,,,,,
,,,,,,,
,,,,,,,
,,,,,,,
,,,,,,,
,,,,,,,
,,,,,,,
,,,,,,,
,,,,,,,
,,,,,,,
,,,,,,,
,,,,,,,
,,,,,,,
,,,,,,,
,,,,,,,
,,,,,,,
,,,,,,,
,,,,,,,
,,,,,,,
,,,,,,,
,,,,,,,
